id,name,price,created_time,store_id,featured_in_mall,featured_in_store,thumbnail
1,Olymel,716.58,2018-11-10 07:52:14Z,66,FALSE,TRUE,\media\image\products\10_best_buy.jpg
2,KFC,960.06,2020-02-20 22:55:26Z,91,TRUE,FALSE,\media\image\products\10_sephora.jpg
3,Kinder,159.65,2020-05-23 10:05:50Z,79,TRUE,FALSE,\media\image\products\10_zappos.jpg
4,M&M Food Market,774.12,2021-01-30 20:22:37Z,75,FALSE,FALSE,\media\image\products\11_best_buy.jpg
5,Cheetos,32.02,2018-06-13 21:00:46Z,36,FALSE,TRUE,\media\image\products\11_sephora.jpg
6,Secret Recipe,512.15,2021-01-31 17:01:03Z,91,TRUE,FALSE,\media\image\products\11_zappos.jpg
7,Kinder,464.82,2021-05-14 07:09:49Z,17,TRUE,TRUE,\media\image\products\12_best_buy.jpg
8,Secret Recipe,704.86,2018-06-02 20:00:07Z,61,FALSE,TRUE,\media\image\products\12_sephora.jpg
9,Secret Recipe,498.04,2020-01-28 04:04:36Z,22,TRUE,FALSE,\media\image\products\12_zappos.jpg
10,Secret Recipe,718.02,2020-10-17 11:00:12Z,4,TRUE,FALSE,\media\image\products\13_best_buy.jpg
11,Dr. Oetker,634.65,2018-10-26 22:35:38Z,12,FALSE,TRUE,\media\image\products\13_sephora.jpg
12,Starbucks,456.19,2019-03-29 21:31:24Z,25,FALSE,FALSE,\media\image\products\13_zappos.jpg
13,Papadopoulos,627.03,2020-12-29 06:34:40Z,7,TRUE,TRUE,\media\image\products\14_best_buy.jpg
14,Heinz,100.9,2021-03-23 06:38:50Z,88,FALSE,TRUE,\media\image\products\14_sephora.jpg
15,Burger King,512.22,2019-07-03 21:50:31Z,72,FALSE,TRUE,\media\image\products\14_zappos.jpg
16,M&M Food Market,956.23,2019-10-05 05:31:35Z,78,FALSE,TRUE,\media\image\products\15_best_buy.jpg
17,Nutella,583.58,2018-09-20 22:47:32Z,25,FALSE,TRUE,\media\image\products\15_sephora.jpg
18,Doritos,542.65,2019-01-16 18:01:24Z,64,TRUE,TRUE,\media\image\products\15_zappos.jpg
19,Kits,962.22,2020-02-16 06:49:51Z,43,TRUE,TRUE,\media\image\products\16_best_buy.jpg
20,Kits,76,2019-01-09 15:50:54Z,9,TRUE,TRUE,\media\image\products\16_sephora.jpg
21,Secret Recipe,279.7,2020-01-13 06:03:17Z,99,FALSE,FALSE,\media\image\products\16_zappos.jpg
22,Baskin robbins,960.87,2019-10-08 07:56:21Z,99,FALSE,TRUE,\media\image\products\17_best_buy.jpg
23,KFC,126.56,2019-03-18 05:36:31Z,43,TRUE,FALSE,\media\image\products\17_sephora.jpg
24,Carib Brewery,323.23,2020-08-29 02:46:15Z,66,TRUE,TRUE,\media\image\products\17_zappos.jpg
25,Papadopoulos,871.79,2019-10-08 14:05:11Z,53,TRUE,FALSE,\media\image\products\18_best_buy.jpg
26,Cheetos,931.25,2019-03-17 05:10:42Z,41,TRUE,FALSE,\media\image\products\18_sephora.jpg
27,McDonald's,879.43,2020-06-04 02:47:43Z,12,TRUE,FALSE,\media\image\products\18_zappos.jpg
28,Doritos,701.68,2020-03-16 13:03:19Z,10,TRUE,FALSE,\media\image\products\19_best_buy.jpg
29,Burger King,14.51,2020-12-31 11:09:04Z,94,TRUE,FALSE,\media\image\products\19_sephora.jpg
30,Kits,850.35,2020-05-23 16:38:26Z,11,TRUE,FALSE,\media\image\products\19_zappos.jpg
31,Lavazza,95.17,2019-07-10 00:46:14Z,64,FALSE,FALSE,\media\image\products\1_best_buy.jpg
32,Knorr,625.74,2018-11-08 05:29:21Z,56,TRUE,FALSE,\media\image\products\1_sephora.jpg
33,Bewley's,786.58,2019-08-30 10:49:20Z,2,FALSE,FALSE,\media\image\products\1_zappos.jpg
34,Sun-Pat,234.75,2021-01-06 17:19:49Z,13,TRUE,TRUE,\media\image\products\20_best_buy.jpg
35,Nutella,437.26,2019-06-13 01:26:06Z,18,TRUE,FALSE,\media\image\products\20_sephora.jpg
36,Subway,887.91,2019-06-29 01:34:30Z,74,TRUE,FALSE,\media\image\products\2_best_buy.jpg
37,Burger King,244.75,2020-08-06 12:36:51Z,86,FALSE,FALSE,\media\image\products\2_sephora.jpg
38,Andy Capp's fries,241.7,2019-11-19 01:17:30Z,22,TRUE,FALSE,\media\image\products\2_zappos.jpg
39,Soprole,176.57,2020-05-18 15:42:19Z,38,FALSE,FALSE,\media\image\products\3_best_buy.jpg
40,Magnum,99.2,2020-06-10 05:39:40Z,52,FALSE,TRUE,\media\image\products\3_sephora.jpg
41,LEonidas,251.79,2019-12-14 12:02:10Z,40,FALSE,FALSE,\media\image\products\3_zappos.jpg
42,Kits,296.39,2021-03-04 10:15:39Z,9,TRUE,FALSE,\media\image\products\4_best_buy.jpg
43,Secret Recipe,495.06,2018-11-27 02:33:02Z,2,FALSE,TRUE,\media\image\products\4_sephora.jpg
44,Sun-Pat,6.41,2021-02-01 09:28:22Z,5,FALSE,TRUE,\media\image\products\4_zappos.jpg
45,Taco Bell,922.05,2018-06-09 03:30:41Z,27,FALSE,TRUE,\media\image\products\5_best_buy.jpg
46,Wendy's,601.45,2021-05-08 03:04:11Z,60,TRUE,FALSE,\media\image\products\5_sephora.jpg
47,Wendy's,170.16,2021-04-05 03:03:52Z,49,TRUE,TRUE,\media\image\products\5_zappos.jpg
48,Tic Tac,621.98,2019-10-02 06:21:26Z,3,TRUE,TRUE,\media\image\products\6_best_buy.jpg
49,Tic Tac,772.77,2019-01-30 08:00:32Z,43,FALSE,FALSE,\media\image\products\6_sephora.jpg
50,Secret Recipe,783.62,2018-09-10 13:22:45Z,10,TRUE,TRUE,\media\image\products\6_zappos.jpg
51,Dunkin' Donuts,221.78,2019-03-26 02:22:36Z,98,TRUE,TRUE,\media\image\products\7_best_buy.jpg
52,Dunkin' Donuts,165.56,2020-12-17 02:13:23Z,91,FALSE,TRUE,\media\image\products\7_zappos.jpg
53,McDonald's,459.76,2018-10-07 15:05:00Z,86,TRUE,FALSE,\media\image\products\8_best_buy.jpg
54,M&M Food Market,350.15,2021-03-22 21:37:58Z,48,FALSE,FALSE,\media\image\products\8_sephora.jpg
55,Wonder Bread,566.73,2021-03-18 16:07:12Z,76,FALSE,TRUE,\media\image\products\8_zappos.jpg
56,Applebee's,851.52,2020-08-10 13:10:26Z,64,FALSE,FALSE,\media\image\products\9_best_buy.jpg
57,Pizza Hut,763.13,2020-10-01 04:17:00Z,62,FALSE,FALSE,\media\image\products\9_sephora.jpg
58,Bel Group,919.79,2020-02-28 17:55:42Z,82,FALSE,FALSE,\media\image\products\9_zappos.jpg
59,Tic Tac,243.87,2019-10-24 21:44:48Z,41,FALSE,TRUE,\media\image\products\irene-kredenets-DDqxX0-7vKE-unsplash.jpg
60,Olymel,353.84,2018-08-17 13:37:25Z,94,FALSE,TRUE,\media\image\products\mahabis-footwear-1Ge9sFmTT3w-unsplash.jpg
61,Nesquik,595.85,2019-11-19 02:03:03Z,92,FALSE,FALSE,\media\image\products\mahabis-footwear-dv5AJQJ6ay8-unsplash.jpg
62,Domino,632.21,2018-09-02 03:08:52Z,65,FALSE,TRUE,\media\image\products\maxim-hopman-8cT5ja0P_N4-unsplash.jpg
63,Domino,611.28,2018-10-24 06:52:04Z,69,FALSE,TRUE,\media\image\products\nordwood-themes-6V-vJpPzvh8-unsplash.jpg
64,McDonald's,780.08,2018-05-16 09:16:23Z,37,FALSE,FALSE,\media\image\products\10_best_buy.jpg
65,Doritos,907.41,2020-05-31 06:32:08Z,73,FALSE,TRUE,\media\image\products\10_sephora.jpg
66,Bewley's,778.09,2019-04-21 22:30:18Z,69,FALSE,TRUE,\media\image\products\10_zappos.jpg
67,Applebee's,367.93,2021-01-11 03:39:32Z,20,FALSE,FALSE,\media\image\products\11_best_buy.jpg
68,Bewley's,528.3,2021-05-18 16:32:11Z,61,FALSE,FALSE,\media\image\products\11_sephora.jpg
69,Bewley's,350.75,2019-12-20 08:42:40Z,76,FALSE,TRUE,\media\image\products\11_zappos.jpg
70,Vitta Foods,701.16,2018-09-15 20:19:57Z,54,FALSE,FALSE,\media\image\products\12_best_buy.jpg
71,Wendy's,948.03,2018-07-27 16:12:28Z,10,FALSE,FALSE,\media\image\products\12_sephora.jpg
72,Secret Recipe,702.84,2019-10-03 11:37:36Z,40,FALSE,TRUE,\media\image\products\12_zappos.jpg
73,Applebee's,789.14,2020-10-26 20:03:21Z,18,FALSE,FALSE,\media\image\products\13_best_buy.jpg
74,LEonidas,663.09,2019-01-08 16:47:18Z,67,FALSE,FALSE,\media\image\products\13_sephora.jpg
75,Bel Group,596.18,2020-05-05 13:16:50Z,70,FALSE,FALSE,\media\image\products\13_zappos.jpg
76,Soprole,577.03,2018-08-07 14:12:47Z,22,FALSE,TRUE,\media\image\products\14_best_buy.jpg
77,Knorr,305.99,2018-11-17 18:38:36Z,61,FALSE,TRUE,\media\image\products\14_sephora.jpg
78,Secret Recipe,943.58,2019-05-16 04:22:35Z,48,FALSE,FALSE,\media\image\products\14_zappos.jpg
79,Olymel,668.53,2020-12-18 15:00:36Z,1,FALSE,FALSE,\media\image\products\15_best_buy.jpg
80,Applebee's,109.49,2018-11-07 07:55:35Z,1,FALSE,TRUE,\media\image\products\15_sephora.jpg
81,Andy Capp's fries,251.97,2021-04-25 21:45:00Z,69,FALSE,TRUE,\media\image\products\15_zappos.jpg
82,Sun-Pat,330.99,2020-01-22 10:10:45Z,14,FALSE,TRUE,\media\image\products\16_best_buy.jpg
83,Wendy's,610.04,2018-12-14 15:12:26Z,41,FALSE,TRUE,\media\image\products\16_sephora.jpg
84,Heinz,604.65,2019-03-21 22:55:40Z,56,FALSE,TRUE,\media\image\products\16_zappos.jpg
85,Wendy's,930.1,2019-04-28 20:39:06Z,92,FALSE,TRUE,\media\image\products\17_best_buy.jpg
86,Olymel,464.51,2018-05-12 20:03:12Z,77,FALSE,FALSE,\media\image\products\17_sephora.jpg
87,Cobblestone,596.67,2020-05-22 10:00:39Z,70,FALSE,FALSE,\media\image\products\17_zappos.jpg
88,McDonald's,207.22,2020-02-15 18:05:30Z,71,FALSE,TRUE,\media\image\products\18_best_buy.jpg
89,Nesquik,531.7,2021-01-28 01:19:05Z,64,FALSE,FALSE,\media\image\products\18_sephora.jpg
90,Soprole,921.28,2018-12-07 13:24:15Z,43,FALSE,FALSE,\media\image\products\18_zappos.jpg
91,Applebee's,408.32,2018-11-21 14:57:14Z,92,FALSE,TRUE,\media\image\products\19_best_buy.jpg
92,Taco Bell,501.48,2019-03-07 14:46:52Z,78,FALSE,FALSE,\media\image\products\19_sephora.jpg
93,Nutella,35.33,2020-06-21 18:33:54Z,3,FALSE,FALSE,\media\image\products\19_zappos.jpg
94,Knorr,86.86,2019-07-08 00:40:12Z,52,FALSE,FALSE,\media\image\products\1_best_buy.jpg
95,Carib Brewery,167.45,2020-01-18 08:13:25Z,99,FALSE,FALSE,\media\image\products\1_sephora.jpg
96,Papadopoulos,479.82,2020-07-10 22:56:04Z,63,FALSE,TRUE,\media\image\products\1_zappos.jpg
97,Kinder,225.94,2020-10-01 22:27:37Z,10,FALSE,TRUE,\media\image\products\20_best_buy.jpg
98,LEonidas,377.53,2019-12-13 01:44:34Z,77,FALSE,FALSE,\media\image\products\20_sephora.jpg
99,Baskin robbins,929.45,2018-11-26 20:21:15Z,15,FALSE,TRUE,\media\image\products\2_best_buy.jpg
100,Sun-Pat,577.13,2018-11-12 00:50:13Z,66,FALSE,FALSE,\media\image\products\2_sephora.jpg
101,M&M Food Market,345.74,2020-04-16 05:08:55Z,29,FALSE,TRUE,\media\image\products\2_zappos.jpg
102,Pizza Hut,309.3,2020-11-18 21:06:45Z,75,FALSE,FALSE,\media\image\products\3_best_buy.jpg
103,Red Lobster,496.7,2018-12-09 07:00:14Z,36,FALSE,TRUE,\media\image\products\3_sephora.jpg
104,Papadopoulos,916.2,2019-08-24 22:46:10Z,81,FALSE,TRUE,\media\image\products\3_zappos.jpg
105,Wonder Bread,972.49,2018-10-31 15:18:16Z,30,FALSE,FALSE,\media\image\products\4_best_buy.jpg
106,Carib Brewery,474.77,2021-04-06 16:05:38Z,55,FALSE,FALSE,\media\image\products\4_sephora.jpg
107,Starbucks,590.8,2019-09-28 16:27:06Z,87,FALSE,TRUE,\media\image\products\4_zappos.jpg
108,KFC,955.78,2018-10-10 04:13:00Z,53,FALSE,FALSE,\media\image\products\5_best_buy.jpg
109,Bewley's,944.13,2020-01-27 02:03:08Z,25,FALSE,TRUE,\media\image\products\5_sephora.jpg
110,Baskin robbins,640.5,2020-09-01 19:48:09Z,4,FALSE,FALSE,\media\image\products\5_zappos.jpg
111,Red Lobster,408.44,2018-07-19 22:08:40Z,62,FALSE,FALSE,\media\image\products\6_best_buy.jpg
112,Carib Brewery,113.02,2019-04-16 10:56:27Z,24,FALSE,FALSE,\media\image\products\6_sephora.jpg
113,Cobblestone,868.15,2021-05-13 00:17:27Z,3,FALSE,FALSE,\media\image\products\6_zappos.jpg
114,Kits,967.08,2019-04-18 18:19:29Z,6,FALSE,FALSE,\media\image\products\7_best_buy.jpg
115,Pizza Hut,523.5,2019-01-19 17:01:36Z,19,FALSE,FALSE,\media\image\products\7_zappos.jpg
116,Lavazza,929.68,2020-10-26 20:19:14Z,46,FALSE,TRUE,\media\image\products\8_best_buy.jpg
117,Andy Capp's fries,663.33,2019-06-06 09:07:01Z,71,FALSE,FALSE,\media\image\products\8_sephora.jpg
118,Domino,404.66,2019-07-06 06:47:21Z,91,FALSE,FALSE,\media\image\products\8_zappos.jpg
119,Andy Capp's fries,279.74,2019-07-13 00:07:16Z,27,FALSE,TRUE,\media\image\products\9_best_buy.jpg
120,Carib Brewery,51,2021-01-16 06:41:10Z,15,FALSE,TRUE,\media\image\products\9_sephora.jpg
121,Wendy's,905.68,2018-10-01 10:56:15Z,30,FALSE,TRUE,\media\image\products\9_zappos.jpg
122,Vitta Foods,338.25,2018-07-21 00:23:54Z,94,FALSE,FALSE,\media\image\products\irene-kredenets-DDqxX0-7vKE-unsplash.jpg
123,Knorr,764.29,2018-05-27 01:23:23Z,78,FALSE,TRUE,\media\image\products\mahabis-footwear-1Ge9sFmTT3w-unsplash.jpg
124,Sun-Pat,224.11,2020-01-17 22:45:35Z,60,FALSE,TRUE,\media\image\products\mahabis-footwear-dv5AJQJ6ay8-unsplash.jpg
125,Tic Tac,988.74,2019-05-07 11:43:47Z,93,FALSE,TRUE,\media\image\products\maxim-hopman-8cT5ja0P_N4-unsplash.jpg
126,Heinz,245.81,2019-11-19 18:14:36Z,66,FALSE,FALSE,\media\image\products\nordwood-themes-6V-vJpPzvh8-unsplash.jpg
127,LEonidas,487.21,2021-04-10 11:43:13Z,69,FALSE,FALSE,\media\image\products\10_best_buy.jpg
128,Magnum,320.01,2019-03-12 10:50:01Z,95,FALSE,TRUE,\media\image\products\10_sephora.jpg
129,M&M Food Market,469.92,2018-12-07 18:21:24Z,61,FALSE,FALSE,\media\image\products\10_zappos.jpg
130,Dr. Oetker,936.54,2021-01-27 11:22:46Z,78,FALSE,FALSE,\media\image\products\11_best_buy.jpg
131,Papadopoulos,110.84,2020-03-31 02:27:13Z,53,FALSE,TRUE,\media\image\products\11_sephora.jpg
132,Red Lobster,663.15,2020-08-01 10:05:33Z,2,FALSE,TRUE,\media\image\products\11_zappos.jpg
133,Cobblestone,617.94,2019-05-28 01:51:45Z,12,FALSE,FALSE,\media\image\products\12_best_buy.jpg
134,Carib Brewery,244.11,2020-08-13 18:29:37Z,30,FALSE,TRUE,\media\image\products\12_sephora.jpg
135,Baskin robbins,884.54,2020-10-10 12:29:46Z,80,FALSE,FALSE,\media\image\products\12_zappos.jpg
136,Magnum,770.61,2020-08-08 10:53:09Z,49,FALSE,TRUE,\media\image\products\13_best_buy.jpg
137,Doritos,125.74,2021-05-29 20:57:32Z,41,FALSE,FALSE,\media\image\products\13_sephora.jpg
138,Cheetos,278.9,2020-12-13 22:26:04Z,15,FALSE,TRUE,\media\image\products\13_zappos.jpg
139,Carib Brewery,970.67,2019-07-27 05:17:36Z,37,FALSE,TRUE,\media\image\products\14_best_buy.jpg
140,Cobblestone,141.76,2021-01-23 14:00:08Z,54,FALSE,TRUE,\media\image\products\14_sephora.jpg
141,KFC,386.89,2019-11-21 21:31:50Z,76,FALSE,FALSE,\media\image\products\14_zappos.jpg
142,Magnum,19.67,2021-03-30 03:42:26Z,34,FALSE,TRUE,\media\image\products\15_best_buy.jpg
143,Lavazza,189.1,2018-05-05 13:19:30Z,2,FALSE,FALSE,\media\image\products\15_sephora.jpg
144,Secret Recipe,531.24,2019-02-20 14:41:04Z,16,FALSE,FALSE,\media\image\products\15_zappos.jpg
145,Domino,864.61,2019-04-21 01:19:27Z,81,FALSE,FALSE,\media\image\products\16_best_buy.jpg
146,Taco Bell,812.8,2019-05-14 04:44:16Z,88,FALSE,FALSE,\media\image\products\16_sephora.jpg
147,Wendy's,847.54,2020-10-12 15:17:45Z,41,FALSE,FALSE,\media\image\products\16_zappos.jpg
148,Dunkin' Donuts,299.85,2018-05-22 03:28:34Z,78,FALSE,FALSE,\media\image\products\17_best_buy.jpg
149,Tic Tac,709.27,2019-04-24 09:28:43Z,89,FALSE,TRUE,\media\image\products\17_sephora.jpg
150,Burger King,197.26,2021-02-12 16:34:19Z,81,FALSE,FALSE,\media\image\products\17_zappos.jpg
151,Taco Bell,63.52,2019-04-12 06:15:56Z,78,FALSE,FALSE,\media\image\products\18_best_buy.jpg
152,Olymel,501.97,2020-03-24 16:18:34Z,22,FALSE,FALSE,\media\image\products\18_sephora.jpg
153,LEonidas,880.35,2019-07-21 00:26:02Z,94,FALSE,FALSE,\media\image\products\18_zappos.jpg
154,Dr. Oetker,765.16,2018-09-27 17:47:11Z,96,FALSE,FALSE,\media\image\products\19_best_buy.jpg
155,Papadopoulos,947.7,2019-05-03 16:54:13Z,64,FALSE,FALSE,\media\image\products\19_sephora.jpg
156,Wendy's,109.42,2019-08-21 04:39:41Z,12,FALSE,TRUE,\media\image\products\19_zappos.jpg
157,Nabisco,22.47,2020-05-09 13:24:20Z,83,FALSE,FALSE,\media\image\products\1_best_buy.jpg
158,Nesquik,619.17,2019-01-28 15:36:10Z,3,FALSE,TRUE,\media\image\products\1_sephora.jpg
159,Nabisco,396.75,2021-02-15 12:03:20Z,73,FALSE,TRUE,\media\image\products\1_zappos.jpg
160,Nesquik,79.68,2019-01-21 21:29:28Z,5,FALSE,FALSE,\media\image\products\20_best_buy.jpg
161,LEonidas,394.77,2019-03-27 06:23:55Z,19,FALSE,TRUE,\media\image\products\20_sephora.jpg
162,Cheetos,678.44,2018-11-10 13:49:15Z,56,FALSE,TRUE,\media\image\products\2_best_buy.jpg
163,Kits,609.92,2020-10-18 18:02:55Z,93,FALSE,FALSE,\media\image\products\2_sephora.jpg
164,Baskin robbins,143.27,2019-06-16 12:48:36Z,46,FALSE,TRUE,\media\image\products\2_zappos.jpg
165,Nesquik,161.98,2019-04-30 13:25:37Z,51,FALSE,FALSE,\media\image\products\3_best_buy.jpg
166,Nabisco,913.91,2019-01-27 05:57:28Z,96,FALSE,TRUE,\media\image\products\3_sephora.jpg
167,Domino,13.86,2020-02-14 10:20:24Z,8,FALSE,FALSE,\media\image\products\3_zappos.jpg
168,Red Lobster,810.95,2021-05-27 09:53:36Z,59,FALSE,FALSE,\media\image\products\4_best_buy.jpg
169,Wonder Bread,433.29,2019-01-19 21:13:13Z,3,FALSE,FALSE,\media\image\products\4_sephora.jpg
170,Lavazza,663.96,2019-06-17 15:06:17Z,40,FALSE,FALSE,\media\image\products\4_zappos.jpg
171,Wendy's,558.87,2021-01-04 20:25:57Z,91,FALSE,FALSE,\media\image\products\5_best_buy.jpg
172,Lavazza,882.76,2018-09-28 19:01:42Z,63,FALSE,TRUE,\media\image\products\5_sephora.jpg
173,Nesquik,383.95,2018-07-15 09:32:50Z,58,FALSE,TRUE,\media\image\products\5_zappos.jpg
174,Sun-Pat,225.72,2021-04-13 07:50:32Z,42,FALSE,TRUE,\media\image\products\6_best_buy.jpg
175,Bel Group,314.19,2020-10-23 05:27:53Z,82,FALSE,FALSE,\media\image\products\6_sephora.jpg
176,Pizza Hut,672.75,2020-05-14 03:37:35Z,80,FALSE,TRUE,\media\image\products\6_zappos.jpg
177,LEonidas,392.59,2019-12-28 16:07:09Z,80,FALSE,TRUE,\media\image\products\7_best_buy.jpg
178,Cheetos,299.28,2018-10-30 21:47:11Z,15,FALSE,FALSE,\media\image\products\7_zappos.jpg
179,Dunkin' Donuts,32.06,2020-06-11 20:55:28Z,6,FALSE,FALSE,\media\image\products\8_best_buy.jpg
180,Nabisco,756.97,2018-05-13 21:51:42Z,65,FALSE,FALSE,\media\image\products\8_sephora.jpg
181,Secret Recipe,110.04,2019-12-12 03:05:23Z,58,FALSE,FALSE,\media\image\products\8_zappos.jpg
182,Domino,469.96,2019-11-30 16:32:19Z,90,FALSE,TRUE,\media\image\products\9_best_buy.jpg
183,Dunkin' Donuts,114.97,2018-08-04 17:42:19Z,27,FALSE,TRUE,\media\image\products\9_sephora.jpg
184,Carib Brewery,543.04,2020-08-08 14:31:58Z,53,FALSE,FALSE,\media\image\products\9_zappos.jpg
185,Taco Bell,891.34,2019-11-14 05:45:46Z,45,FALSE,FALSE,\media\image\products\irene-kredenets-DDqxX0-7vKE-unsplash.jpg
186,Taco Bell,824.02,2019-05-19 10:11:07Z,95,FALSE,TRUE,\media\image\products\mahabis-footwear-1Ge9sFmTT3w-unsplash.jpg
187,Betty Crocker,134.34,2020-04-13 05:53:25Z,23,FALSE,FALSE,\media\image\products\mahabis-footwear-dv5AJQJ6ay8-unsplash.jpg
188,Taco Bell,797.39,2020-10-22 04:44:45Z,47,FALSE,TRUE,\media\image\products\maxim-hopman-8cT5ja0P_N4-unsplash.jpg
189,Nutella,880.96,2021-01-21 12:15:30Z,70,FALSE,TRUE,\media\image\products\nordwood-themes-6V-vJpPzvh8-unsplash.jpg
190,Wonder Bread,47.76,2018-07-06 01:24:32Z,71,FALSE,FALSE,\media\image\products\10_best_buy.jpg
191,Lavazza,571.57,2018-10-06 18:44:25Z,22,FALSE,FALSE,\media\image\products\10_sephora.jpg
192,Burger King,661.12,2020-10-06 12:51:10Z,45,FALSE,FALSE,\media\image\products\10_zappos.jpg
193,Pizza Hut,725.94,2019-09-10 17:30:01Z,33,FALSE,FALSE,\media\image\products\11_best_buy.jpg
194,Red Lobster,59.22,2019-10-25 14:20:18Z,81,FALSE,FALSE,\media\image\products\11_sephora.jpg
195,Magnum,303.57,2020-02-09 00:43:54Z,97,FALSE,FALSE,\media\image\products\11_zappos.jpg
196,Bel Group,109.61,2019-02-27 22:36:36Z,13,FALSE,FALSE,\media\image\products\12_best_buy.jpg
197,Soprole,116.48,2019-05-28 11:22:26Z,64,FALSE,FALSE,\media\image\products\12_sephora.jpg
198,LEonidas,361.37,2019-04-25 03:05:09Z,37,FALSE,FALSE,\media\image\products\12_zappos.jpg
199,M&M Food Market,64.8,2020-01-21 12:05:26Z,95,FALSE,FALSE,\media\image\products\13_best_buy.jpg
200,Soprole,182.44,2020-10-11 01:41:48Z,22,FALSE,FALSE,\media\image\products\13_sephora.jpg
201,Secret Recipe,285.81,2019-05-20 14:52:43Z,29,FALSE,FALSE,\media\image\products\13_zappos.jpg
202,Cheetos,264.69,2019-05-21 15:38:18Z,91,FALSE,FALSE,\media\image\products\14_best_buy.jpg
203,KFC,493.11,2018-10-26 10:23:53Z,57,FALSE,TRUE,\media\image\products\14_sephora.jpg
204,Bel Group,939.29,2020-10-24 16:18:14Z,46,FALSE,FALSE,\media\image\products\14_zappos.jpg
205,Lavazza,164.85,2020-05-07 12:27:28Z,10,FALSE,TRUE,\media\image\products\15_best_buy.jpg
206,Wonder Bread,909.41,2020-05-18 16:47:09Z,65,FALSE,TRUE,\media\image\products\15_sephora.jpg
207,Vitta Foods,168.04,2020-04-25 13:31:57Z,88,FALSE,TRUE,\media\image\products\15_zappos.jpg
208,Wonder Bread,852.96,2018-10-31 01:45:37Z,46,FALSE,TRUE,\media\image\products\16_best_buy.jpg
209,Nutella,815.47,2020-12-01 01:21:31Z,62,FALSE,FALSE,\media\image\products\16_sephora.jpg
210,Baskin robbins,597.57,2020-08-03 15:11:07Z,20,FALSE,FALSE,\media\image\products\16_zappos.jpg
211,McDonald's,600.49,2020-07-24 00:32:55Z,25,FALSE,TRUE,\media\image\products\17_best_buy.jpg
212,Dr. Oetker,709.03,2021-01-27 07:09:40Z,20,FALSE,FALSE,\media\image\products\17_sephora.jpg
213,Applebee's,345.78,2020-06-16 05:47:16Z,23,FALSE,TRUE,\media\image\products\17_zappos.jpg
214,Dunkin' Donuts,444.41,2020-03-30 11:18:19Z,74,FALSE,TRUE,\media\image\products\18_best_buy.jpg
215,Wonder Bread,293.01,2018-11-11 17:25:33Z,68,FALSE,TRUE,\media\image\products\18_sephora.jpg
216,McDonald's,929.62,2020-10-23 00:09:48Z,79,FALSE,TRUE,\media\image\products\18_zappos.jpg
217,Bel Group,716.75,2020-08-28 06:42:17Z,41,FALSE,TRUE,\media\image\products\19_best_buy.jpg
218,Knorr,949.36,2018-07-18 19:41:19Z,61,FALSE,TRUE,\media\image\products\19_sephora.jpg
219,Bel Group,595.8,2021-05-03 08:42:48Z,60,FALSE,FALSE,\media\image\products\19_zappos.jpg
220,McDonald's,532.25,2020-04-27 05:41:31Z,26,FALSE,TRUE,\media\image\products\1_best_buy.jpg
221,Baskin robbins,167.29,2019-08-22 15:32:33Z,55,FALSE,TRUE,\media\image\products\1_sephora.jpg
222,Magnum,213.86,2020-06-22 21:39:53Z,77,FALSE,TRUE,\media\image\products\1_zappos.jpg
223,Starbucks,702.79,2018-06-29 11:17:41Z,71,FALSE,TRUE,\media\image\products\20_best_buy.jpg
224,Olymel,79.72,2021-02-02 15:04:18Z,38,FALSE,FALSE,\media\image\products\20_sephora.jpg
225,Baskin robbins,281.63,2019-04-21 11:16:39Z,56,FALSE,TRUE,\media\image\products\2_best_buy.jpg
226,Heinz,760.86,2019-04-11 03:25:22Z,24,FALSE,TRUE,\media\image\products\2_sephora.jpg
227,Knorr,859.73,2020-11-21 02:44:28Z,96,FALSE,FALSE,\media\image\products\2_zappos.jpg
228,Pizza Hut,533.48,2020-02-22 09:36:04Z,47,FALSE,FALSE,\media\image\products\3_best_buy.jpg
229,Dunkin' Donuts,144.01,2019-02-03 08:24:12Z,42,FALSE,FALSE,\media\image\products\3_sephora.jpg
230,Soprole,74.46,2021-03-01 21:16:32Z,79,FALSE,TRUE,\media\image\products\3_zappos.jpg
231,Heinz,701.52,2020-11-27 04:15:16Z,27,FALSE,FALSE,\media\image\products\4_best_buy.jpg
232,Lavazza,899.7,2020-06-15 16:42:49Z,48,FALSE,TRUE,\media\image\products\4_sephora.jpg
233,Papadopoulos,72.21,2020-10-31 03:17:04Z,56,FALSE,FALSE,\media\image\products\4_zappos.jpg
234,Kits,277.29,2020-09-04 09:55:36Z,18,FALSE,TRUE,\media\image\products\5_best_buy.jpg
235,Baskin robbins,948.54,2019-01-21 19:47:21Z,77,FALSE,FALSE,\media\image\products\5_sephora.jpg
236,Burger King,78.32,2019-10-11 05:42:28Z,70,FALSE,FALSE,\media\image\products\5_zappos.jpg
237,Olymel,720.64,2020-07-24 10:05:36Z,94,FALSE,FALSE,\media\image\products\6_best_buy.jpg
238,Carib Brewery,673.44,2019-07-01 13:34:30Z,97,FALSE,FALSE,\media\image\products\6_sephora.jpg
239,KFC,301.38,2019-07-14 16:58:56Z,81,FALSE,FALSE,\media\image\products\6_zappos.jpg
240,Domino,916.49,2018-09-30 21:24:18Z,82,FALSE,TRUE,\media\image\products\7_best_buy.jpg
241,Red Lobster,429.51,2019-07-01 03:45:37Z,94,FALSE,TRUE,\media\image\products\7_zappos.jpg
242,Red Lobster,518.75,2019-05-13 22:52:20Z,25,FALSE,TRUE,\media\image\products\8_best_buy.jpg
243,Baskin robbins,796.42,2020-01-16 08:10:10Z,30,FALSE,TRUE,\media\image\products\8_sephora.jpg
244,Subway,706.19,2018-11-16 03:29:46Z,99,FALSE,FALSE,\media\image\products\8_zappos.jpg
245,Lavazza,17.93,2021-01-01 11:54:09Z,16,FALSE,FALSE,\media\image\products\9_best_buy.jpg
246,Kits,72.81,2019-04-29 14:23:00Z,95,FALSE,TRUE,\media\image\products\9_sephora.jpg
247,M&M Food Market,341.48,2020-07-10 08:29:19Z,58,FALSE,FALSE,\media\image\products\9_zappos.jpg
248,Nesquik,344.01,2018-07-13 02:07:50Z,55,FALSE,FALSE,\media\image\products\irene-kredenets-DDqxX0-7vKE-unsplash.jpg
249,Wendy's,26.14,2019-09-02 02:11:53Z,86,FALSE,FALSE,\media\image\products\mahabis-footwear-1Ge9sFmTT3w-unsplash.jpg
250,McDonald's,829.97,2019-02-17 08:01:31Z,22,FALSE,FALSE,\media\image\products\mahabis-footwear-dv5AJQJ6ay8-unsplash.jpg
251,M&M Food Market,587.97,2020-06-17 21:43:03Z,74,FALSE,TRUE,\media\image\products\maxim-hopman-8cT5ja0P_N4-unsplash.jpg
252,Taco Bell,465.9,2020-03-06 22:33:11Z,5,FALSE,FALSE,\media\image\products\nordwood-themes-6V-vJpPzvh8-unsplash.jpg
253,M&M Food Market,460.04,2019-09-03 22:16:21Z,74,FALSE,FALSE,\media\image\products\10_best_buy.jpg
254,M&M Food Market,645.06,2018-07-01 18:25:02Z,45,FALSE,FALSE,\media\image\products\10_sephora.jpg
255,Baskin robbins,161.65,2018-05-24 04:01:54Z,37,FALSE,TRUE,\media\image\products\10_zappos.jpg
256,Magnum,496.61,2019-04-04 09:08:32Z,54,FALSE,TRUE,\media\image\products\11_best_buy.jpg
257,Lavazza,317.04,2018-09-30 21:52:23Z,84,FALSE,TRUE,\media\image\products\11_sephora.jpg
258,Papadopoulos,754.54,2019-02-02 00:26:47Z,2,FALSE,FALSE,\media\image\products\11_zappos.jpg
259,Lavazza,993.45,2021-02-14 06:05:02Z,76,FALSE,TRUE,\media\image\products\12_best_buy.jpg
260,Starbucks,515.73,2020-12-12 00:48:07Z,51,FALSE,TRUE,\media\image\products\12_sephora.jpg
261,Sun-Pat,85.59,2020-08-29 06:03:56Z,36,FALSE,TRUE,\media\image\products\12_zappos.jpg
262,Cobblestone,532.31,2020-09-16 07:21:50Z,13,FALSE,FALSE,\media\image\products\13_best_buy.jpg
263,Tic Tac,635.19,2018-09-04 15:00:01Z,68,FALSE,TRUE,\media\image\products\13_sephora.jpg
264,Cobblestone,301.93,2021-02-12 07:15:23Z,69,FALSE,FALSE,\media\image\products\13_zappos.jpg
265,Baskin robbins,679.51,2020-06-18 07:20:11Z,95,FALSE,FALSE,\media\image\products\14_best_buy.jpg
266,Vitta Foods,990.64,2019-02-03 10:00:52Z,48,FALSE,FALSE,\media\image\products\14_sephora.jpg
267,Kinder,275.11,2018-06-19 14:02:35Z,41,FALSE,FALSE,\media\image\products\14_zappos.jpg
268,Vitta Foods,167.5,2020-05-22 16:10:07Z,50,FALSE,FALSE,\media\image\products\15_best_buy.jpg
269,Heinz,71.15,2020-03-24 05:19:38Z,68,FALSE,FALSE,\media\image\products\15_sephora.jpg
270,Pizza Hut,923.6,2019-05-24 03:50:33Z,46,FALSE,TRUE,\media\image\products\15_zappos.jpg
271,Bewley's,796.49,2019-11-03 15:47:28Z,97,FALSE,FALSE,\media\image\products\16_best_buy.jpg
272,Tic Tac,389.7,2020-10-08 11:57:07Z,50,FALSE,FALSE,\media\image\products\16_sephora.jpg
273,Pizza Hut,919.96,2018-10-22 15:02:33Z,16,FALSE,FALSE,\media\image\products\16_zappos.jpg
274,Sun-Pat,667.45,2019-11-02 12:00:33Z,66,FALSE,FALSE,\media\image\products\17_best_buy.jpg
275,Knorr,684.14,2018-10-26 10:58:13Z,80,FALSE,FALSE,\media\image\products\17_sephora.jpg
276,Bewley's,70.67,2020-08-19 20:49:49Z,34,FALSE,TRUE,\media\image\products\17_zappos.jpg
277,Nabisco,330.46,2020-06-21 15:12:55Z,21,FALSE,TRUE,\media\image\products\18_best_buy.jpg
278,Wonder Bread,470.54,2019-05-30 10:41:45Z,80,FALSE,FALSE,\media\image\products\18_sephora.jpg
279,Magnum,762.29,2019-05-03 02:32:58Z,69,FALSE,FALSE,\media\image\products\18_zappos.jpg
280,Olymel,240.84,2019-05-26 04:30:12Z,45,FALSE,FALSE,\media\image\products\19_best_buy.jpg
281,Kits,21.57,2019-07-12 18:15:30Z,32,FALSE,FALSE,\media\image\products\19_sephora.jpg
282,Kits,31.62,2018-10-04 18:28:01Z,14,FALSE,FALSE,\media\image\products\19_zappos.jpg
283,Red Lobster,248.63,2019-11-26 06:09:37Z,20,FALSE,FALSE,\media\image\products\1_best_buy.jpg
284,Cheetos,336.32,2019-11-05 14:47:11Z,90,FALSE,FALSE,\media\image\products\1_sephora.jpg
285,Wendy's,685.41,2019-06-29 15:08:36Z,70,FALSE,TRUE,\media\image\products\1_zappos.jpg
286,Cheetos,88.86,2019-06-19 00:47:23Z,6,FALSE,TRUE,\media\image\products\20_best_buy.jpg
287,Dunkin' Donuts,336.17,2019-05-20 16:42:41Z,13,FALSE,FALSE,\media\image\products\20_sephora.jpg
288,Subway,132.59,2020-08-17 02:30:49Z,25,FALSE,TRUE,\media\image\products\2_best_buy.jpg
289,Taco Bell,932.63,2019-08-02 10:23:27Z,94,FALSE,FALSE,\media\image\products\2_sephora.jpg
290,Burger King,140.82,2021-03-04 04:40:30Z,7,FALSE,TRUE,\media\image\products\2_zappos.jpg
291,Burger King,495.19,2020-02-10 10:20:28Z,12,FALSE,TRUE,\media\image\products\3_best_buy.jpg
292,Vitta Foods,145.22,2021-03-11 01:41:41Z,76,FALSE,FALSE,\media\image\products\3_sephora.jpg
293,Bel Group,761.65,2020-06-03 12:08:18Z,67,FALSE,FALSE,\media\image\products\3_zappos.jpg
294,Wendy's,767.59,2021-01-19 16:03:43Z,6,FALSE,FALSE,\media\image\products\4_best_buy.jpg
295,Nutella,365.68,2021-05-02 19:16:54Z,89,FALSE,TRUE,\media\image\products\4_sephora.jpg
296,Applebee's,744.19,2019-05-04 16:39:49Z,51,FALSE,FALSE,\media\image\products\4_zappos.jpg
297,Kinder,821.57,2020-12-30 11:12:32Z,34,FALSE,FALSE,\media\image\products\5_best_buy.jpg
298,Vitta Foods,647.81,2020-09-20 09:52:04Z,68,FALSE,FALSE,\media\image\products\5_sephora.jpg
299,Nabisco,420.82,2018-06-23 09:16:34Z,27,FALSE,FALSE,\media\image\products\5_zappos.jpg
300,Red Lobster,234.04,2020-05-01 01:05:46Z,81,FALSE,TRUE,\media\image\products\6_best_buy.jpg
301,Soprole,582.68,2020-11-13 12:20:55Z,41,FALSE,FALSE,\media\image\products\6_sephora.jpg
302,M&M Food Market,163.69,2020-07-24 01:37:58Z,52,FALSE,FALSE,\media\image\products\6_zappos.jpg
303,Sun-Pat,284.16,2018-11-04 18:43:35Z,16,FALSE,TRUE,\media\image\products\7_best_buy.jpg
304,Carib Brewery,276.18,2018-11-08 12:38:43Z,99,FALSE,FALSE,\media\image\products\7_zappos.jpg
305,Cobblestone,173.36,2019-05-27 10:03:31Z,32,FALSE,FALSE,\media\image\products\8_best_buy.jpg
306,Carib Brewery,276.36,2019-03-20 00:26:24Z,51,FALSE,TRUE,\media\image\products\8_sephora.jpg
307,Bewley's,773.69,2020-02-06 16:18:57Z,52,FALSE,FALSE,\media\image\products\8_zappos.jpg
308,Starbucks,5.01,2019-07-04 19:26:54Z,81,FALSE,TRUE,\media\image\products\9_best_buy.jpg
309,Olymel,293.59,2019-03-23 05:48:53Z,89,FALSE,TRUE,\media\image\products\9_sephora.jpg
310,Nabisco,224.98,2020-07-12 07:33:28Z,78,FALSE,TRUE,\media\image\products\9_zappos.jpg
311,Carib Brewery,27.15,2018-10-12 12:05:15Z,97,FALSE,TRUE,\media\image\products\irene-kredenets-DDqxX0-7vKE-unsplash.jpg
312,Papadopoulos,607.8,2019-02-14 13:26:10Z,40,FALSE,FALSE,\media\image\products\mahabis-footwear-1Ge9sFmTT3w-unsplash.jpg
313,Wonder Bread,84.38,2018-06-25 04:39:00Z,29,FALSE,FALSE,\media\image\products\mahabis-footwear-dv5AJQJ6ay8-unsplash.jpg
314,Applebee's,143.2,2020-02-19 15:09:08Z,44,FALSE,TRUE,\media\image\products\maxim-hopman-8cT5ja0P_N4-unsplash.jpg
315,Taco Bell,937.48,2020-02-01 13:36:24Z,72,FALSE,FALSE,\media\image\products\nordwood-themes-6V-vJpPzvh8-unsplash.jpg
316,Pizza Hut,80.46,2020-06-14 16:58:38Z,11,FALSE,FALSE,\media\image\products\10_best_buy.jpg
317,Kits,973.93,2018-09-10 13:22:23Z,22,FALSE,TRUE,\media\image\products\10_sephora.jpg
318,Secret Recipe,745.64,2018-11-06 08:27:35Z,80,FALSE,TRUE,\media\image\products\10_zappos.jpg
319,Bel Group,292.19,2018-11-08 21:53:40Z,51,FALSE,FALSE,\media\image\products\11_best_buy.jpg
320,Papadopoulos,39.49,2021-02-01 02:34:00Z,36,FALSE,FALSE,\media\image\products\11_sephora.jpg
321,Nabisco,214.15,2020-05-21 13:37:25Z,29,FALSE,TRUE,\media\image\products\11_zappos.jpg
322,Wonder Bread,841.64,2019-07-01 14:46:46Z,75,FALSE,TRUE,\media\image\products\12_best_buy.jpg
323,Doritos,888.35,2021-02-03 21:16:14Z,75,FALSE,TRUE,\media\image\products\12_sephora.jpg
324,Domino,247.83,2019-02-12 07:02:08Z,52,FALSE,FALSE,\media\image\products\12_zappos.jpg
325,Cheetos,400.2,2020-03-11 06:40:23Z,12,FALSE,FALSE,\media\image\products\13_best_buy.jpg
326,Heinz,259.16,2019-03-17 11:19:50Z,25,FALSE,TRUE,\media\image\products\13_sephora.jpg
327,Pizza Hut,683.21,2019-12-10 18:08:00Z,39,FALSE,TRUE,\media\image\products\13_zappos.jpg
328,Dunkin' Donuts,273.15,2021-02-24 05:17:40Z,74,FALSE,TRUE,\media\image\products\14_best_buy.jpg
329,Starbucks,145.46,2020-09-14 00:11:04Z,54,FALSE,TRUE,\media\image\products\14_sephora.jpg
330,Olymel,890.77,2019-04-13 20:46:11Z,67,FALSE,TRUE,\media\image\products\14_zappos.jpg
331,Andy Capp's fries,8.08,2020-07-12 15:30:05Z,25,FALSE,FALSE,\media\image\products\15_best_buy.jpg
332,Dunkin' Donuts,116.64,2019-12-03 09:14:12Z,44,FALSE,TRUE,\media\image\products\15_sephora.jpg
333,Kits,470.64,2018-05-24 08:44:29Z,84,FALSE,TRUE,\media\image\products\15_zappos.jpg
334,Nesquik,23.94,2019-10-16 12:52:03Z,75,FALSE,FALSE,\media\image\products\16_best_buy.jpg
335,Nesquik,836.48,2020-01-10 08:04:14Z,25,FALSE,TRUE,\media\image\products\16_sephora.jpg
336,LEonidas,754.15,2018-12-23 01:11:21Z,6,FALSE,TRUE,\media\image\products\16_zappos.jpg
337,Wendy's,258.23,2020-04-11 02:36:10Z,17,FALSE,FALSE,\media\image\products\17_best_buy.jpg
338,Olymel,469.33,2018-06-05 11:13:58Z,9,FALSE,TRUE,\media\image\products\17_sephora.jpg
339,McDonald's,257.94,2019-06-14 19:21:50Z,73,FALSE,FALSE,\media\image\products\17_zappos.jpg
340,Papadopoulos,6.43,2018-11-27 10:49:35Z,84,FALSE,TRUE,\media\image\products\18_best_buy.jpg
341,Starbucks,88.3,2019-07-04 10:06:24Z,13,FALSE,TRUE,\media\image\products\18_sephora.jpg
342,Red Lobster,283.4,2018-05-06 09:44:18Z,86,FALSE,FALSE,\media\image\products\18_zappos.jpg
343,Betty Crocker,444.76,2020-02-24 00:10:02Z,15,FALSE,FALSE,\media\image\products\19_best_buy.jpg
344,Sun-Pat,144.62,2021-02-24 09:24:56Z,56,FALSE,TRUE,\media\image\products\19_sephora.jpg
345,KFC,741.01,2020-02-03 03:13:35Z,42,FALSE,FALSE,\media\image\products\19_zappos.jpg
346,Papadopoulos,745.08,2020-08-03 22:26:19Z,71,FALSE,FALSE,\media\image\products\1_best_buy.jpg
347,Kits,278.56,2018-07-18 04:04:38Z,49,FALSE,TRUE,\media\image\products\1_sephora.jpg
348,Magnum,754.97,2018-05-15 18:01:25Z,19,FALSE,FALSE,\media\image\products\1_zappos.jpg
349,LEonidas,621.37,2020-12-12 02:51:03Z,89,FALSE,FALSE,\media\image\products\20_best_buy.jpg
350,Carib Brewery,252.18,2020-03-10 15:39:10Z,94,FALSE,TRUE,\media\image\products\20_sephora.jpg
351,LEonidas,114.84,2020-09-15 20:46:45Z,7,FALSE,TRUE,\media\image\products\2_best_buy.jpg
352,Kinder,143.26,2020-03-14 16:26:53Z,71,FALSE,FALSE,\media\image\products\2_sephora.jpg
353,Wendy's,766.55,2020-03-28 20:32:33Z,37,FALSE,FALSE,\media\image\products\2_zappos.jpg
354,Knorr,487.82,2019-06-23 04:27:46Z,60,FALSE,TRUE,\media\image\products\3_best_buy.jpg
355,Nesquik,999.95,2021-05-10 21:56:58Z,58,FALSE,FALSE,\media\image\products\3_sephora.jpg
356,Betty Crocker,465.99,2018-06-08 01:48:33Z,22,FALSE,FALSE,\media\image\products\3_zappos.jpg
357,Red Lobster,408.74,2020-11-07 02:32:18Z,89,FALSE,TRUE,\media\image\products\4_best_buy.jpg
358,Andy Capp's fries,301.77,2020-04-03 05:00:48Z,57,FALSE,TRUE,\media\image\products\4_sephora.jpg
359,LEonidas,993.47,2018-07-18 08:22:29Z,79,FALSE,TRUE,\media\image\products\4_zappos.jpg
360,Nutella,565.74,2020-03-03 02:41:15Z,13,FALSE,TRUE,\media\image\products\5_best_buy.jpg
361,Dunkin' Donuts,98.16,2020-05-20 13:27:40Z,36,FALSE,FALSE,\media\image\products\5_sephora.jpg
362,Applebee's,993.53,2021-02-15 17:12:55Z,67,FALSE,FALSE,\media\image\products\5_zappos.jpg
363,Kinder,528.58,2018-06-20 07:05:33Z,17,FALSE,TRUE,\media\image\products\6_best_buy.jpg
364,Bewley's,692.69,2019-03-28 07:28:49Z,80,FALSE,TRUE,\media\image\products\6_sephora.jpg
365,Doritos,140.98,2019-02-18 08:54:01Z,83,FALSE,FALSE,\media\image\products\6_zappos.jpg
366,Betty Crocker,582.67,2018-10-12 07:06:30Z,12,FALSE,FALSE,\media\image\products\7_best_buy.jpg
367,Nutella,526.86,2019-03-30 06:18:17Z,24,FALSE,FALSE,\media\image\products\7_zappos.jpg
368,Pizza Hut,139.19,2020-01-25 00:53:32Z,32,FALSE,TRUE,\media\image\products\8_best_buy.jpg
369,Kits,732.35,2020-03-06 17:10:01Z,55,FALSE,TRUE,\media\image\products\8_sephora.jpg
370,Vitta Foods,725.45,2021-05-24 22:09:16Z,68,FALSE,TRUE,\media\image\products\8_zappos.jpg
371,Sun-Pat,792.24,2019-12-07 12:37:22Z,11,FALSE,TRUE,\media\image\products\9_best_buy.jpg
372,Taco Bell,198.44,2021-04-08 09:10:10Z,26,FALSE,TRUE,\media\image\products\9_sephora.jpg
373,Subway,752.29,2019-06-27 07:38:40Z,20,FALSE,TRUE,\media\image\products\9_zappos.jpg
374,Sun-Pat,873.35,2020-03-02 17:16:28Z,83,FALSE,FALSE,\media\image\products\irene-kredenets-DDqxX0-7vKE-unsplash.jpg
375,Heinz,915.44,2019-12-03 15:45:16Z,50,FALSE,TRUE,\media\image\products\mahabis-footwear-1Ge9sFmTT3w-unsplash.jpg
376,Applebee's,27.13,2020-12-09 18:51:29Z,86,FALSE,FALSE,\media\image\products\mahabis-footwear-dv5AJQJ6ay8-unsplash.jpg
377,KFC,196.53,2019-01-17 18:40:49Z,84,FALSE,FALSE,\media\image\products\maxim-hopman-8cT5ja0P_N4-unsplash.jpg
378,Doritos,348.18,2019-08-22 07:21:18Z,77,FALSE,FALSE,\media\image\products\nordwood-themes-6V-vJpPzvh8-unsplash.jpg
379,Pizza Hut,191.62,2020-09-03 20:35:43Z,50,FALSE,FALSE,\media\image\products\10_best_buy.jpg
380,Betty Crocker,624.65,2018-12-23 03:35:22Z,21,FALSE,FALSE,\media\image\products\10_sephora.jpg
381,Nutella,434.32,2019-08-30 02:37:49Z,71,FALSE,TRUE,\media\image\products\10_zappos.jpg
382,LEonidas,732.14,2020-03-20 11:44:33Z,77,FALSE,TRUE,\media\image\products\11_best_buy.jpg
383,KFC,339.04,2019-03-10 08:03:41Z,97,FALSE,TRUE,\media\image\products\11_sephora.jpg
384,Applebee's,106.06,2020-08-27 14:55:51Z,19,FALSE,FALSE,\media\image\products\11_zappos.jpg
385,Betty Crocker,36.99,2019-07-15 07:02:28Z,4,FALSE,TRUE,\media\image\products\12_best_buy.jpg
386,Wendy's,617.86,2019-12-05 00:34:23Z,4,FALSE,FALSE,\media\image\products\12_sephora.jpg
387,KFC,872.46,2020-09-19 09:27:39Z,39,FALSE,FALSE,\media\image\products\12_zappos.jpg
388,Starbucks,384.14,2018-08-29 09:53:20Z,65,FALSE,FALSE,\media\image\products\13_best_buy.jpg
389,LEonidas,667.25,2020-11-28 16:21:14Z,54,FALSE,TRUE,\media\image\products\13_sephora.jpg
390,Taco Bell,835.13,2020-01-31 06:52:33Z,22,FALSE,FALSE,\media\image\products\13_zappos.jpg
391,Pizza Hut,95.06,2018-11-14 12:37:28Z,75,FALSE,FALSE,\media\image\products\14_best_buy.jpg
392,Nabisco,747.1,2020-08-07 11:16:36Z,62,FALSE,FALSE,\media\image\products\14_sephora.jpg
393,Red Lobster,137.65,2021-02-26 22:03:15Z,57,FALSE,TRUE,\media\image\products\14_zappos.jpg
394,Cobblestone,135.69,2018-07-03 22:29:35Z,8,FALSE,TRUE,\media\image\products\15_best_buy.jpg
395,Starbucks,489.45,2020-04-05 18:47:43Z,39,FALSE,TRUE,\media\image\products\15_sephora.jpg
396,Subway,956.16,2021-01-29 15:13:25Z,15,FALSE,TRUE,\media\image\products\15_zappos.jpg
397,Pizza Hut,912.94,2020-01-14 17:06:03Z,5,FALSE,FALSE,\media\image\products\16_best_buy.jpg
398,Andy Capp's fries,550.31,2021-05-14 04:43:40Z,3,FALSE,FALSE,\media\image\products\16_sephora.jpg
399,Secret Recipe,867.48,2020-10-10 06:22:57Z,79,FALSE,FALSE,\media\image\products\16_zappos.jpg
400,Kits,458.89,2020-12-03 15:57:32Z,89,FALSE,TRUE,\media\image\products\17_best_buy.jpg
401,Bewley's,696.61,2018-08-27 07:42:38Z,17,FALSE,TRUE,\media\image\products\17_sephora.jpg
402,Taco Bell,413.04,2021-05-25 03:30:25Z,15,FALSE,FALSE,\media\image\products\17_zappos.jpg
403,Baskin robbins,262.65,2018-07-05 21:13:38Z,46,FALSE,TRUE,\media\image\products\18_best_buy.jpg
404,Olymel,787.17,2019-08-07 10:36:15Z,37,FALSE,FALSE,\media\image\products\18_sephora.jpg
405,Bewley's,807.08,2019-10-03 03:38:24Z,89,FALSE,FALSE,\media\image\products\18_zappos.jpg
406,Taco Bell,397.61,2019-10-20 12:29:02Z,55,FALSE,TRUE,\media\image\products\19_best_buy.jpg
407,Kits,191.87,2019-12-07 17:45:14Z,62,FALSE,TRUE,\media\image\products\19_sephora.jpg
408,Bel Group,69.7,2020-08-21 14:19:10Z,19,FALSE,FALSE,\media\image\products\19_zappos.jpg
409,Heinz,762.77,2018-09-28 15:46:10Z,69,FALSE,FALSE,\media\image\products\1_best_buy.jpg
410,LEonidas,708.19,2019-05-14 10:32:55Z,56,FALSE,TRUE,\media\image\products\1_sephora.jpg
411,Wonder Bread,793.33,2018-10-24 20:28:41Z,85,FALSE,FALSE,\media\image\products\1_zappos.jpg
412,Secret Recipe,862.66,2021-02-03 07:17:24Z,73,FALSE,TRUE,\media\image\products\20_best_buy.jpg
413,M&M Food Market,559.77,2020-03-23 22:32:51Z,36,FALSE,FALSE,\media\image\products\20_sephora.jpg
414,Wonder Bread,621.47,2019-11-04 20:00:25Z,62,FALSE,TRUE,\media\image\products\2_best_buy.jpg
415,Carib Brewery,327.86,2020-03-30 14:42:02Z,30,FALSE,FALSE,\media\image\products\2_sephora.jpg
416,Baskin robbins,203.69,2020-09-10 18:49:01Z,72,FALSE,FALSE,\media\image\products\2_zappos.jpg
417,M&M Food Market,343.58,2020-07-23 19:40:23Z,17,FALSE,FALSE,\media\image\products\3_best_buy.jpg
418,Tic Tac,796.51,2020-06-09 19:15:41Z,16,FALSE,FALSE,\media\image\products\3_sephora.jpg
419,McDonald's,577.34,2018-08-27 22:11:54Z,70,FALSE,TRUE,\media\image\products\3_zappos.jpg
420,Applebee's,709.42,2021-01-16 13:44:43Z,14,FALSE,TRUE,\media\image\products\4_best_buy.jpg
421,Cobblestone,880.28,2020-07-13 06:19:40Z,1,FALSE,FALSE,\media\image\products\4_sephora.jpg
422,Dr. Oetker,867.73,2021-04-09 19:01:00Z,48,FALSE,FALSE,\media\image\products\4_zappos.jpg
423,Betty Crocker,696.49,2021-05-16 07:10:22Z,62,FALSE,FALSE,\media\image\products\5_best_buy.jpg
424,Papadopoulos,563.37,2018-06-23 21:37:17Z,62,FALSE,TRUE,\media\image\products\5_sephora.jpg
425,McDonald's,916.79,2018-09-25 20:07:57Z,46,FALSE,FALSE,\media\image\products\5_zappos.jpg
426,Bewley's,271.39,2018-10-11 03:36:23Z,29,FALSE,FALSE,\media\image\products\6_best_buy.jpg
427,Vitta Foods,73.9,2020-10-25 00:34:29Z,68,FALSE,TRUE,\media\image\products\6_sephora.jpg
428,Soprole,382.66,2018-09-06 03:50:53Z,36,FALSE,TRUE,\media\image\products\6_zappos.jpg
429,Red Lobster,914.59,2020-01-24 08:14:10Z,22,FALSE,FALSE,\media\image\products\7_best_buy.jpg
430,Nabisco,14.22,2020-06-15 15:25:00Z,98,FALSE,TRUE,\media\image\products\7_zappos.jpg
431,Sun-Pat,291.43,2020-11-13 18:21:35Z,27,FALSE,TRUE,\media\image\products\8_best_buy.jpg
432,Soprole,36.18,2018-12-24 21:02:28Z,34,FALSE,TRUE,\media\image\products\8_sephora.jpg
433,Wonder Bread,284.81,2020-07-26 22:42:09Z,97,FALSE,FALSE,\media\image\products\8_zappos.jpg
434,Knorr,924.26,2020-10-27 13:53:28Z,76,FALSE,FALSE,\media\image\products\9_best_buy.jpg
435,Dunkin' Donuts,905.22,2020-01-22 13:12:48Z,2,FALSE,TRUE,\media\image\products\9_sephora.jpg
436,KFC,680.53,2019-05-05 20:20:28Z,70,FALSE,TRUE,\media\image\products\9_zappos.jpg
437,Red Lobster,635.84,2019-03-30 11:46:45Z,38,FALSE,TRUE,\media\image\products\irene-kredenets-DDqxX0-7vKE-unsplash.jpg
438,LEonidas,722.59,2019-10-18 02:29:03Z,25,FALSE,TRUE,\media\image\products\mahabis-footwear-1Ge9sFmTT3w-unsplash.jpg
439,Starbucks,151.21,2020-10-19 17:09:23Z,92,FALSE,FALSE,\media\image\products\mahabis-footwear-dv5AJQJ6ay8-unsplash.jpg
440,Burger King,774.91,2020-05-03 17:00:04Z,92,FALSE,TRUE,\media\image\products\maxim-hopman-8cT5ja0P_N4-unsplash.jpg
441,Burger King,454.37,2020-08-16 01:13:05Z,5,FALSE,TRUE,\media\image\products\nordwood-themes-6V-vJpPzvh8-unsplash.jpg
442,Subway,237.56,2018-07-24 04:03:25Z,4,FALSE,FALSE,\media\image\products\10_best_buy.jpg
443,Wonder Bread,850.45,2019-08-16 13:46:47Z,93,FALSE,TRUE,\media\image\products\10_sephora.jpg
444,Burger King,149.17,2019-05-31 07:26:46Z,46,FALSE,FALSE,\media\image\products\10_zappos.jpg
445,Kits,350.73,2020-01-03 21:11:12Z,84,FALSE,TRUE,\media\image\products\11_best_buy.jpg
446,M&M Food Market,41.38,2020-08-30 09:34:00Z,94,FALSE,TRUE,\media\image\products\11_sephora.jpg
447,Burger King,153.34,2018-08-07 21:07:04Z,22,FALSE,TRUE,\media\image\products\11_zappos.jpg
448,Subway,963.3,2018-05-10 05:02:07Z,90,FALSE,TRUE,\media\image\products\12_best_buy.jpg
449,LEonidas,968.49,2018-05-11 12:23:45Z,41,FALSE,FALSE,\media\image\products\12_sephora.jpg
450,Domino,833.31,2019-09-24 02:54:00Z,64,FALSE,TRUE,\media\image\products\12_zappos.jpg
451,Baskin robbins,996.11,2020-06-22 09:36:43Z,37,FALSE,FALSE,\media\image\products\13_best_buy.jpg
452,Domino,98.47,2020-08-30 16:26:39Z,33,FALSE,FALSE,\media\image\products\13_sephora.jpg
453,Pizza Hut,663.26,2021-04-21 07:26:38Z,84,FALSE,TRUE,\media\image\products\13_zappos.jpg
454,Kinder,487.31,2020-05-14 06:34:50Z,79,FALSE,FALSE,\media\image\products\14_best_buy.jpg
455,Andy Capp's fries,393.9,2020-03-17 07:20:21Z,55,FALSE,TRUE,\media\image\products\14_sephora.jpg
456,Bel Group,676.08,2018-07-02 10:27:43Z,15,FALSE,TRUE,\media\image\products\14_zappos.jpg
457,Vitta Foods,893.47,2018-11-08 07:57:46Z,81,FALSE,TRUE,\media\image\products\15_best_buy.jpg
458,M&M Food Market,872.74,2020-05-12 20:57:44Z,64,FALSE,FALSE,\media\image\products\15_sephora.jpg
459,Carib Brewery,109.09,2019-02-05 01:21:24Z,25,FALSE,FALSE,\media\image\products\15_zappos.jpg
460,Knorr,720.41,2020-04-15 21:45:54Z,73,FALSE,FALSE,\media\image\products\16_best_buy.jpg
461,LEonidas,551.06,2020-04-23 01:22:55Z,42,FALSE,FALSE,\media\image\products\16_sephora.jpg
462,Doritos,100.49,2019-08-17 19:50:47Z,22,FALSE,TRUE,\media\image\products\16_zappos.jpg
463,LEonidas,538.59,2020-05-31 06:51:27Z,10,FALSE,TRUE,\media\image\products\17_best_buy.jpg
464,Kits,28.34,2019-04-18 09:32:02Z,45,FALSE,FALSE,\media\image\products\17_sephora.jpg
465,Burger King,989.08,2020-08-30 02:44:13Z,98,FALSE,FALSE,\media\image\products\17_zappos.jpg
466,Vitta Foods,699.64,2019-06-19 17:01:56Z,39,FALSE,FALSE,\media\image\products\18_best_buy.jpg
467,Nutella,840.69,2018-07-04 09:40:44Z,18,FALSE,FALSE,\media\image\products\18_sephora.jpg
468,Magnum,362.03,2019-07-29 11:33:26Z,83,FALSE,FALSE,\media\image\products\18_zappos.jpg
469,Dunkin' Donuts,482.33,2020-05-09 03:21:22Z,97,FALSE,TRUE,\media\image\products\19_best_buy.jpg
470,M&M Food Market,654.07,2018-05-09 17:34:17Z,3,FALSE,FALSE,\media\image\products\19_sephora.jpg
471,Applebee's,62.97,2019-09-17 05:35:39Z,24,FALSE,FALSE,\media\image\products\19_zappos.jpg
472,LEonidas,128.81,2020-12-12 12:26:30Z,4,FALSE,TRUE,\media\image\products\1_best_buy.jpg
473,Secret Recipe,786.64,2020-04-24 16:09:16Z,3,FALSE,FALSE,\media\image\products\1_sephora.jpg
474,Subway,437.48,2018-10-17 12:34:30Z,88,FALSE,FALSE,\media\image\products\1_zappos.jpg
475,Doritos,152.11,2019-05-02 18:27:49Z,23,FALSE,FALSE,\media\image\products\20_best_buy.jpg
476,Carib Brewery,267.11,2019-04-24 02:12:24Z,32,FALSE,TRUE,\media\image\products\20_sephora.jpg
477,Cobblestone,647.6,2021-03-21 21:07:38Z,66,FALSE,TRUE,\media\image\products\2_best_buy.jpg
478,Nutella,631.62,2019-06-15 07:08:39Z,32,FALSE,TRUE,\media\image\products\2_sephora.jpg
479,Cobblestone,68.55,2019-04-11 19:00:18Z,16,FALSE,FALSE,\media\image\products\2_zappos.jpg
480,Dr. Oetker,197.17,2019-05-09 05:02:32Z,18,FALSE,TRUE,\media\image\products\3_best_buy.jpg
481,Magnum,177.9,2019-11-30 09:26:37Z,75,FALSE,TRUE,\media\image\products\3_sephora.jpg
482,Papadopoulos,106.48,2019-09-10 17:15:05Z,30,FALSE,FALSE,\media\image\products\3_zappos.jpg
483,Magnum,491.64,2021-05-22 18:43:27Z,29,FALSE,TRUE,\media\image\products\4_best_buy.jpg
484,M&M Food Market,503.92,2018-10-30 10:09:09Z,5,FALSE,TRUE,\media\image\products\4_sephora.jpg
485,Pizza Hut,572.18,2018-06-24 18:04:41Z,72,FALSE,FALSE,\media\image\products\4_zappos.jpg
486,Vitta Foods,256.08,2019-10-15 19:19:31Z,91,FALSE,FALSE,\media\image\products\5_best_buy.jpg
487,Applebee's,350.61,2020-06-07 08:01:10Z,32,FALSE,FALSE,\media\image\products\5_sephora.jpg
488,Carib Brewery,54.39,2020-06-22 12:14:18Z,59,FALSE,TRUE,\media\image\products\5_zappos.jpg
489,Kinder,737.71,2018-11-11 07:20:24Z,45,FALSE,FALSE,\media\image\products\6_best_buy.jpg
490,Sun-Pat,254.31,2019-01-24 09:01:56Z,50,FALSE,FALSE,\media\image\products\6_sephora.jpg
491,Starbucks,389.74,2021-05-27 20:53:51Z,38,FALSE,TRUE,\media\image\products\6_zappos.jpg
492,Wendy's,942.71,2018-05-16 14:14:37Z,44,FALSE,FALSE,\media\image\products\7_best_buy.jpg
493,Sun-Pat,735.02,2020-12-22 22:49:43Z,15,FALSE,FALSE,\media\image\products\7_zappos.jpg
494,Subway,810.92,2019-09-06 19:37:58Z,71,FALSE,FALSE,\media\image\products\8_best_buy.jpg
495,Cheetos,42.52,2020-06-08 02:40:31Z,30,FALSE,FALSE,\media\image\products\8_sephora.jpg
496,Pizza Hut,527.15,2020-05-01 03:09:21Z,88,FALSE,FALSE,\media\image\products\8_zappos.jpg
497,Dr. Oetker,716.1,2019-07-25 07:12:01Z,27,FALSE,FALSE,\media\image\products\9_best_buy.jpg
498,Bel Group,933.14,2021-03-07 12:33:12Z,34,FALSE,FALSE,\media\image\products\9_sephora.jpg
499,Secret Recipe,445.55,2018-09-19 03:44:39Z,27,FALSE,TRUE,\media\image\products\9_zappos.jpg
500,Subway,121.68,2019-03-03 05:45:55Z,13,FALSE,FALSE,\media\image\products\irene-kredenets-DDqxX0-7vKE-unsplash.jpg
501,Dunkin' Donuts,274.11,2020-02-26 20:26:22Z,23,FALSE,TRUE,\media\image\products\mahabis-footwear-1Ge9sFmTT3w-unsplash.jpg
502,KFC,34.13,2020-08-20 16:42:09Z,97,FALSE,FALSE,\media\image\products\mahabis-footwear-dv5AJQJ6ay8-unsplash.jpg
503,Taco Bell,760.98,2019-11-22 16:08:15Z,86,FALSE,FALSE,\media\image\products\maxim-hopman-8cT5ja0P_N4-unsplash.jpg
504,Sun-Pat,93.99,2020-12-11 14:01:19Z,96,FALSE,TRUE,\media\image\products\nordwood-themes-6V-vJpPzvh8-unsplash.jpg
505,Pizza Hut,442.15,2020-07-06 16:14:58Z,92,FALSE,FALSE,\media\image\products\10_best_buy.jpg
506,M&M Food Market,969.86,2020-09-08 08:52:16Z,60,FALSE,TRUE,\media\image\products\10_sephora.jpg
507,Olymel,527.55,2019-05-20 21:50:02Z,28,FALSE,TRUE,\media\image\products\10_zappos.jpg
508,Wonder Bread,203.75,2020-01-31 04:06:35Z,28,FALSE,FALSE,\media\image\products\11_best_buy.jpg
509,Dr. Oetker,333.31,2018-10-07 03:39:13Z,23,FALSE,TRUE,\media\image\products\11_sephora.jpg
510,Bewley's,726.1,2019-09-16 11:49:52Z,81,FALSE,FALSE,\media\image\products\11_zappos.jpg
511,Red Lobster,708.8,2020-12-21 03:24:12Z,30,FALSE,FALSE,\media\image\products\12_best_buy.jpg
512,Subway,18.83,2019-06-27 14:50:12Z,41,FALSE,FALSE,\media\image\products\12_sephora.jpg
513,Sun-Pat,820.78,2019-07-14 21:39:05Z,31,FALSE,TRUE,\media\image\products\12_zappos.jpg
514,Red Lobster,792.51,2021-01-28 06:26:30Z,46,FALSE,TRUE,\media\image\products\13_best_buy.jpg
515,Domino,932.67,2019-02-05 10:43:52Z,72,FALSE,TRUE,\media\image\products\13_sephora.jpg
516,Sun-Pat,481.63,2019-10-22 05:22:54Z,42,FALSE,FALSE,\media\image\products\13_zappos.jpg
517,Secret Recipe,910.22,2018-11-14 00:29:29Z,94,FALSE,TRUE,\media\image\products\14_best_buy.jpg
518,Cobblestone,755.4,2019-08-26 19:41:08Z,53,FALSE,TRUE,\media\image\products\14_sephora.jpg
519,Betty Crocker,379.48,2019-09-06 17:43:09Z,4,FALSE,FALSE,\media\image\products\14_zappos.jpg
520,Papadopoulos,115.54,2020-01-05 10:31:41Z,50,FALSE,TRUE,\media\image\products\15_best_buy.jpg
521,Nabisco,953.63,2020-04-28 06:51:04Z,21,FALSE,TRUE,\media\image\products\15_sephora.jpg
522,Nabisco,390.46,2020-06-28 15:54:25Z,78,FALSE,FALSE,\media\image\products\15_zappos.jpg
523,Cobblestone,473.3,2018-11-27 15:13:12Z,85,FALSE,TRUE,\media\image\products\16_best_buy.jpg
524,Applebee's,652.31,2018-05-14 22:48:43Z,83,FALSE,FALSE,\media\image\products\16_sephora.jpg
525,Andy Capp's fries,957.39,2018-07-30 15:07:38Z,84,FALSE,TRUE,\media\image\products\16_zappos.jpg
526,Nesquik,929.07,2021-03-16 13:44:38Z,45,FALSE,FALSE,\media\image\products\17_best_buy.jpg
527,Andy Capp's fries,229.22,2019-05-22 13:34:04Z,45,FALSE,FALSE,\media\image\products\17_sephora.jpg
528,Olymel,598.64,2020-01-22 14:22:04Z,22,FALSE,FALSE,\media\image\products\17_zappos.jpg
529,LEonidas,374.99,2019-10-16 04:03:34Z,38,FALSE,FALSE,\media\image\products\18_best_buy.jpg
530,Olymel,299.84,2018-07-24 04:25:43Z,5,FALSE,FALSE,\media\image\products\18_sephora.jpg
531,Kits,199.12,2021-05-27 07:30:17Z,50,FALSE,TRUE,\media\image\products\18_zappos.jpg
532,Andy Capp's fries,433.93,2019-10-06 11:17:13Z,74,FALSE,TRUE,\media\image\products\19_best_buy.jpg
533,Wendy's,697.04,2019-11-07 15:52:44Z,56,FALSE,TRUE,\media\image\products\19_sephora.jpg
534,Dunkin' Donuts,41.71,2019-09-04 10:22:14Z,99,FALSE,FALSE,\media\image\products\19_zappos.jpg
535,Betty Crocker,84.07,2018-12-08 12:43:21Z,38,FALSE,TRUE,\media\image\products\1_best_buy.jpg
536,Red Lobster,997.89,2021-05-15 01:21:09Z,63,FALSE,FALSE,\media\image\products\1_sephora.jpg
537,Betty Crocker,728.15,2018-09-06 13:37:42Z,49,FALSE,FALSE,\media\image\products\1_zappos.jpg
538,Kinder,241.59,2019-10-14 17:54:36Z,84,FALSE,FALSE,\media\image\products\20_best_buy.jpg
539,Papadopoulos,380.98,2019-09-09 22:38:08Z,73,FALSE,FALSE,\media\image\products\20_sephora.jpg
540,Nabisco,621.69,2020-07-20 21:02:54Z,95,FALSE,TRUE,\media\image\products\2_best_buy.jpg
541,Kinder,880.38,2019-10-26 20:56:23Z,42,FALSE,FALSE,\media\image\products\2_sephora.jpg
542,Bewley's,318.68,2019-06-09 20:22:44Z,71,FALSE,FALSE,\media\image\products\2_zappos.jpg
543,McDonald's,987.13,2021-02-03 20:25:32Z,87,FALSE,TRUE,\media\image\products\3_best_buy.jpg
544,Applebee's,666.22,2018-06-07 21:37:00Z,49,FALSE,FALSE,\media\image\products\3_sephora.jpg
545,Nabisco,723.5,2018-12-06 08:53:55Z,33,FALSE,FALSE,\media\image\products\3_zappos.jpg
546,Subway,224.83,2020-06-18 09:02:43Z,48,FALSE,FALSE,\media\image\products\4_best_buy.jpg
547,Burger King,538.87,2019-11-28 03:04:05Z,65,FALSE,FALSE,\media\image\products\4_sephora.jpg
548,Pizza Hut,261.14,2018-08-23 15:45:29Z,93,FALSE,FALSE,\media\image\products\4_zappos.jpg
549,McDonald's,226.06,2018-05-08 09:45:49Z,53,FALSE,FALSE,\media\image\products\5_best_buy.jpg
550,Starbucks,523.89,2018-09-19 13:41:50Z,98,FALSE,FALSE,\media\image\products\5_sephora.jpg
551,Magnum,287.89,2020-01-11 03:01:04Z,73,FALSE,FALSE,\media\image\products\5_zappos.jpg
552,Taco Bell,807.94,2020-04-22 22:11:28Z,86,FALSE,TRUE,\media\image\products\6_best_buy.jpg
553,Bel Group,570.03,2020-01-14 08:50:21Z,2,FALSE,FALSE,\media\image\products\6_sephora.jpg
554,Nutella,510.91,2019-02-06 03:12:19Z,50,FALSE,FALSE,\media\image\products\6_zappos.jpg
555,Doritos,103.53,2021-05-02 07:05:34Z,25,FALSE,TRUE,\media\image\products\7_best_buy.jpg
556,Nabisco,984.9,2020-04-07 00:14:14Z,34,FALSE,FALSE,\media\image\products\7_zappos.jpg
557,Dunkin' Donuts,77.24,2018-05-15 16:02:52Z,69,FALSE,TRUE,\media\image\products\8_best_buy.jpg
558,Tic Tac,976.02,2020-05-30 16:08:02Z,6,FALSE,TRUE,\media\image\products\8_sephora.jpg
559,Subway,131.84,2018-07-26 17:55:35Z,29,FALSE,TRUE,\media\image\products\8_zappos.jpg
560,Vitta Foods,998.32,2019-12-29 17:36:50Z,51,FALSE,TRUE,\media\image\products\9_best_buy.jpg
561,Red Lobster,884.75,2019-08-13 12:14:56Z,23,FALSE,TRUE,\media\image\products\9_sephora.jpg
562,Red Lobster,197.12,2021-02-20 00:31:13Z,17,FALSE,FALSE,\media\image\products\9_zappos.jpg
563,Burger King,612.48,2020-02-29 18:50:38Z,48,FALSE,TRUE,\media\image\products\irene-kredenets-DDqxX0-7vKE-unsplash.jpg
564,Subway,531.8,2021-02-28 01:23:22Z,43,FALSE,FALSE,\media\image\products\mahabis-footwear-1Ge9sFmTT3w-unsplash.jpg
565,Applebee's,380.37,2019-04-18 15:44:51Z,41,FALSE,TRUE,\media\image\products\mahabis-footwear-dv5AJQJ6ay8-unsplash.jpg
566,Pizza Hut,699.27,2019-10-15 19:34:23Z,16,FALSE,TRUE,\media\image\products\maxim-hopman-8cT5ja0P_N4-unsplash.jpg
567,M&M Food Market,481.3,2020-11-08 14:39:23Z,20,FALSE,FALSE,\media\image\products\nordwood-themes-6V-vJpPzvh8-unsplash.jpg
568,Dr. Oetker,805.64,2020-07-24 18:03:14Z,17,FALSE,TRUE,\media\image\products\10_best_buy.jpg
569,Applebee's,256.97,2020-07-13 16:34:15Z,33,FALSE,TRUE,\media\image\products\10_sephora.jpg
570,Applebee's,228.81,2020-11-09 21:29:04Z,55,FALSE,TRUE,\media\image\products\10_zappos.jpg
571,Pizza Hut,684.57,2021-01-29 01:34:03Z,54,FALSE,FALSE,\media\image\products\11_best_buy.jpg
572,Lavazza,232.25,2020-02-11 16:19:30Z,58,FALSE,FALSE,\media\image\products\11_sephora.jpg
573,Wonder Bread,67.14,2019-05-24 14:54:58Z,82,FALSE,FALSE,\media\image\products\11_zappos.jpg
574,Applebee's,698.47,2021-01-15 15:17:40Z,8,FALSE,TRUE,\media\image\products\12_best_buy.jpg
575,Papadopoulos,721.66,2019-02-05 03:45:57Z,23,FALSE,TRUE,\media\image\products\12_sephora.jpg
576,Applebee's,502.44,2020-06-03 13:18:31Z,23,FALSE,TRUE,\media\image\products\12_zappos.jpg
577,LEonidas,235.75,2019-06-12 19:38:44Z,37,FALSE,FALSE,\media\image\products\13_best_buy.jpg
578,Dunkin' Donuts,443.93,2021-04-30 11:40:23Z,89,FALSE,TRUE,\media\image\products\13_sephora.jpg
579,Vitta Foods,770.72,2018-12-04 07:28:15Z,78,FALSE,FALSE,\media\image\products\13_zappos.jpg
580,Betty Crocker,460.81,2019-12-03 12:17:57Z,30,FALSE,FALSE,\media\image\products\14_best_buy.jpg
581,Wendy's,599.32,2020-06-05 21:32:33Z,47,FALSE,TRUE,\media\image\products\14_sephora.jpg
582,Nutella,650.03,2019-08-04 04:48:30Z,56,FALSE,TRUE,\media\image\products\14_zappos.jpg
583,Pizza Hut,974.1,2019-12-31 15:11:37Z,41,FALSE,TRUE,\media\image\products\15_best_buy.jpg
584,Soprole,108.47,2020-06-20 19:21:26Z,4,FALSE,TRUE,\media\image\products\15_sephora.jpg
585,Nutella,790.6,2019-06-12 10:06:25Z,40,FALSE,TRUE,\media\image\products\15_zappos.jpg
586,Heinz,416.26,2018-07-12 02:01:29Z,78,FALSE,TRUE,\media\image\products\16_best_buy.jpg
587,Nutella,163.04,2021-05-24 04:47:10Z,33,FALSE,TRUE,\media\image\products\16_sephora.jpg
588,Lavazza,474.31,2019-02-23 10:35:22Z,73,FALSE,TRUE,\media\image\products\16_zappos.jpg
589,Betty Crocker,243.07,2020-06-12 09:18:50Z,41,FALSE,TRUE,\media\image\products\17_best_buy.jpg
590,Tic Tac,672.02,2019-11-08 19:44:44Z,60,FALSE,FALSE,\media\image\products\17_sephora.jpg
591,KFC,101.84,2019-12-06 08:18:06Z,99,FALSE,TRUE,\media\image\products\17_zappos.jpg
592,Andy Capp's fries,764.7,2019-09-29 22:39:05Z,36,FALSE,TRUE,\media\image\products\18_best_buy.jpg
593,KFC,766.75,2020-08-11 22:40:26Z,81,FALSE,FALSE,\media\image\products\18_sephora.jpg
594,Knorr,770.56,2019-08-12 14:39:23Z,55,FALSE,FALSE,\media\image\products\18_zappos.jpg
595,Red Lobster,858.79,2018-07-15 03:05:57Z,56,FALSE,TRUE,\media\image\products\19_best_buy.jpg
596,Andy Capp's fries,393.01,2019-03-27 16:09:20Z,10,FALSE,TRUE,\media\image\products\19_sephora.jpg
597,Tic Tac,294.59,2021-02-21 15:52:11Z,28,FALSE,TRUE,\media\image\products\19_zappos.jpg
598,Bel Group,533.04,2019-11-19 15:05:57Z,68,FALSE,FALSE,\media\image\products\1_best_buy.jpg
599,Soprole,886.31,2018-12-08 00:27:44Z,27,FALSE,TRUE,\media\image\products\1_sephora.jpg
600,Cobblestone,309.99,2020-04-18 05:53:15Z,88,FALSE,FALSE,\media\image\products\1_zappos.jpg
601,Starbucks,692.73,2018-11-29 21:07:20Z,51,FALSE,FALSE,\media\image\products\20_best_buy.jpg
602,Red Lobster,661.51,2020-06-24 22:57:58Z,40,FALSE,TRUE,\media\image\products\20_sephora.jpg
603,Baskin robbins,930.58,2019-07-02 22:56:31Z,40,FALSE,FALSE,\media\image\products\2_best_buy.jpg
604,Knorr,96.28,2019-04-17 22:01:09Z,12,FALSE,TRUE,\media\image\products\2_sephora.jpg
605,Nesquik,249.65,2018-08-02 05:39:46Z,30,FALSE,TRUE,\media\image\products\2_zappos.jpg
606,KFC,866.01,2018-12-20 03:57:06Z,35,FALSE,TRUE,\media\image\products\3_best_buy.jpg
607,M&M Food Market,949.23,2020-12-20 18:06:22Z,21,FALSE,FALSE,\media\image\products\3_sephora.jpg
608,Magnum,867.13,2021-04-18 02:52:16Z,50,FALSE,TRUE,\media\image\products\3_zappos.jpg
609,Dr. Oetker,243.72,2018-06-18 19:56:05Z,8,FALSE,TRUE,\media\image\products\4_best_buy.jpg
610,Nutella,810.92,2019-03-23 07:09:01Z,79,FALSE,TRUE,\media\image\products\4_sephora.jpg
611,Subway,590.56,2020-08-27 09:03:43Z,5,FALSE,FALSE,\media\image\products\4_zappos.jpg
612,Doritos,619.23,2020-12-24 18:20:13Z,19,FALSE,FALSE,\media\image\products\5_best_buy.jpg
613,Wendy's,314.03,2020-08-02 00:00:55Z,84,FALSE,FALSE,\media\image\products\5_sephora.jpg
614,Tic Tac,487.2,2021-04-24 01:34:39Z,96,FALSE,TRUE,\media\image\products\5_zappos.jpg
615,Nabisco,46.95,2021-03-12 07:17:34Z,7,FALSE,FALSE,\media\image\products\6_best_buy.jpg
616,KFC,837.77,2019-10-06 03:57:33Z,83,FALSE,FALSE,\media\image\products\6_sephora.jpg
617,Nesquik,888.4,2018-12-06 08:11:24Z,26,FALSE,FALSE,\media\image\products\6_zappos.jpg
618,Andy Capp's fries,269.56,2019-02-10 13:57:21Z,10,FALSE,TRUE,\media\image\products\7_best_buy.jpg
619,Burger King,880.36,2020-06-08 22:01:42Z,74,FALSE,FALSE,\media\image\products\7_zappos.jpg
620,Wendy's,845.22,2019-01-07 14:20:37Z,75,FALSE,TRUE,\media\image\products\8_best_buy.jpg
621,Starbucks,329.25,2019-02-22 06:39:16Z,52,FALSE,TRUE,\media\image\products\8_sephora.jpg
622,Sun-Pat,470.41,2018-06-08 22:14:31Z,71,FALSE,FALSE,\media\image\products\8_zappos.jpg
623,Cheetos,678.42,2020-07-30 04:49:02Z,33,FALSE,TRUE,\media\image\products\9_best_buy.jpg
624,Cobblestone,606.54,2019-04-13 18:06:36Z,10,FALSE,FALSE,\media\image\products\9_sephora.jpg
625,Bewley's,204.87,2020-06-03 10:32:25Z,19,FALSE,TRUE,\media\image\products\9_zappos.jpg
626,Magnum,930.55,2018-12-15 14:12:53Z,52,FALSE,TRUE,\media\image\products\irene-kredenets-DDqxX0-7vKE-unsplash.jpg
627,Sun-Pat,948.91,2020-03-25 18:00:54Z,11,FALSE,TRUE,\media\image\products\mahabis-footwear-1Ge9sFmTT3w-unsplash.jpg
628,Sun-Pat,441.31,2021-01-09 13:16:47Z,74,FALSE,TRUE,\media\image\products\mahabis-footwear-dv5AJQJ6ay8-unsplash.jpg
629,Wonder Bread,860.08,2018-11-29 10:23:03Z,34,FALSE,TRUE,\media\image\products\maxim-hopman-8cT5ja0P_N4-unsplash.jpg
630,Red Lobster,107.03,2021-04-01 16:47:16Z,25,FALSE,FALSE,\media\image\products\nordwood-themes-6V-vJpPzvh8-unsplash.jpg
631,Sun-Pat,334.98,2019-06-30 18:22:36Z,68,FALSE,FALSE,\media\image\products\10_best_buy.jpg
632,Wonder Bread,164.26,2019-08-01 01:44:51Z,72,FALSE,TRUE,\media\image\products\10_sephora.jpg
633,Vitta Foods,583.42,2020-02-24 15:30:24Z,37,FALSE,TRUE,\media\image\products\10_zappos.jpg
634,Applebee's,559.88,2020-10-10 00:04:52Z,70,FALSE,FALSE,\media\image\products\11_best_buy.jpg
635,Heinz,377.74,2019-05-20 05:02:49Z,62,FALSE,FALSE,\media\image\products\11_sephora.jpg
636,KFC,564.07,2019-09-10 11:02:53Z,39,FALSE,TRUE,\media\image\products\11_zappos.jpg
637,Vitta Foods,254.51,2020-10-25 07:49:16Z,47,FALSE,FALSE,\media\image\products\12_best_buy.jpg
638,Starbucks,163.34,2018-09-06 14:34:49Z,8,FALSE,TRUE,\media\image\products\12_sephora.jpg
639,Andy Capp's fries,784.47,2019-01-09 19:25:28Z,44,FALSE,FALSE,\media\image\products\12_zappos.jpg
640,Dr. Oetker,498,2018-08-15 02:31:51Z,93,FALSE,TRUE,\media\image\products\13_best_buy.jpg
641,Betty Crocker,373.24,2021-02-23 01:45:13Z,95,FALSE,TRUE,\media\image\products\13_sephora.jpg
642,Red Lobster,835.01,2018-07-20 14:10:46Z,29,FALSE,FALSE,\media\image\products\13_zappos.jpg
643,Lavazza,835.19,2019-07-23 19:22:09Z,25,FALSE,TRUE,\media\image\products\14_best_buy.jpg
644,Soprole,915.08,2021-05-27 20:17:31Z,55,FALSE,FALSE,\media\image\products\14_sephora.jpg
645,Red Lobster,529.63,2019-05-29 17:18:28Z,92,FALSE,TRUE,\media\image\products\14_zappos.jpg
646,Bewley's,584.98,2018-08-09 00:54:10Z,84,FALSE,FALSE,\media\image\products\15_best_buy.jpg
647,Sun-Pat,981.94,2020-07-21 05:16:44Z,2,FALSE,FALSE,\media\image\products\15_sephora.jpg
648,Dunkin' Donuts,231.12,2020-12-29 16:48:12Z,83,FALSE,FALSE,\media\image\products\15_zappos.jpg
649,Starbucks,234.77,2018-08-21 07:07:55Z,99,FALSE,FALSE,\media\image\products\16_best_buy.jpg
650,Nesquik,695.47,2019-10-22 10:13:34Z,90,FALSE,TRUE,\media\image\products\16_sephora.jpg
651,LEonidas,470.73,2018-10-12 06:31:27Z,12,FALSE,FALSE,\media\image\products\16_zappos.jpg
652,Soprole,350.23,2020-02-16 17:22:12Z,84,FALSE,FALSE,\media\image\products\17_best_buy.jpg
653,Lavazza,766.04,2019-02-09 04:56:44Z,64,FALSE,FALSE,\media\image\products\17_sephora.jpg
654,Bel Group,305.71,2018-09-13 21:25:29Z,62,FALSE,FALSE,\media\image\products\17_zappos.jpg
655,Andy Capp's fries,818.6,2020-10-06 05:45:27Z,88,FALSE,TRUE,\media\image\products\18_best_buy.jpg
656,Wendy's,743.52,2018-06-14 03:47:25Z,48,FALSE,FALSE,\media\image\products\18_sephora.jpg
657,Betty Crocker,816.72,2021-03-06 21:24:37Z,11,FALSE,FALSE,\media\image\products\18_zappos.jpg
658,Starbucks,588.01,2020-02-10 09:31:09Z,25,FALSE,FALSE,\media\image\products\19_best_buy.jpg
659,Cheetos,881.94,2019-04-28 10:29:46Z,67,FALSE,FALSE,\media\image\products\19_sephora.jpg
660,Wendy's,29.69,2019-11-23 00:50:05Z,67,FALSE,FALSE,\media\image\products\19_zappos.jpg
661,Baskin robbins,362.24,2019-06-06 04:25:42Z,94,FALSE,TRUE,\media\image\products\1_best_buy.jpg
662,Sun-Pat,191.45,2019-11-05 19:52:51Z,40,FALSE,TRUE,\media\image\products\1_sephora.jpg
663,Dunkin' Donuts,972.13,2019-11-18 07:50:52Z,51,FALSE,FALSE,\media\image\products\1_zappos.jpg
664,Burger King,497.4,2019-01-02 07:07:37Z,58,FALSE,TRUE,\media\image\products\20_best_buy.jpg
665,Betty Crocker,842.05,2019-06-14 11:48:33Z,20,FALSE,TRUE,\media\image\products\20_sephora.jpg
666,Applebee's,707.2,2019-08-02 03:09:13Z,73,FALSE,TRUE,\media\image\products\2_best_buy.jpg
667,Papadopoulos,227.4,2018-07-05 04:08:46Z,23,FALSE,TRUE,\media\image\products\2_sephora.jpg
668,Nabisco,290.27,2019-09-29 15:46:54Z,77,FALSE,FALSE,\media\image\products\2_zappos.jpg
669,Subway,703.83,2019-07-02 13:42:17Z,98,FALSE,FALSE,\media\image\products\3_best_buy.jpg
670,Starbucks,907.57,2020-10-15 11:32:25Z,98,FALSE,TRUE,\media\image\products\3_sephora.jpg
671,Wendy's,348.02,2021-04-12 21:41:25Z,74,FALSE,TRUE,\media\image\products\3_zappos.jpg
672,Nabisco,461.74,2019-11-02 01:49:22Z,3,FALSE,TRUE,\media\image\products\4_best_buy.jpg
673,Knorr,802.18,2018-05-15 18:19:42Z,47,FALSE,TRUE,\media\image\products\4_sephora.jpg
674,Lavazza,938.58,2020-04-02 11:55:40Z,87,FALSE,FALSE,\media\image\products\4_zappos.jpg
675,Subway,561.25,2020-05-23 21:25:09Z,9,FALSE,TRUE,\media\image\products\5_best_buy.jpg
676,Dr. Oetker,415.51,2020-08-04 12:13:09Z,1,FALSE,TRUE,\media\image\products\5_sephora.jpg
677,Applebee's,974.76,2020-04-09 00:17:51Z,12,FALSE,FALSE,\media\image\products\5_zappos.jpg
678,Dr. Oetker,513.56,2020-02-26 03:16:32Z,51,FALSE,TRUE,\media\image\products\6_best_buy.jpg
679,Dr. Oetker,637.71,2019-05-02 21:55:25Z,84,FALSE,FALSE,\media\image\products\6_sephora.jpg
680,Betty Crocker,673.73,2021-01-24 20:18:46Z,61,FALSE,FALSE,\media\image\products\6_zappos.jpg
681,LEonidas,56.09,2020-04-29 11:38:50Z,91,FALSE,TRUE,\media\image\products\7_best_buy.jpg
682,Andy Capp's fries,650.93,2020-09-10 09:20:15Z,44,FALSE,TRUE,\media\image\products\7_zappos.jpg
683,Tic Tac,32.02,2020-07-02 07:28:45Z,67,FALSE,FALSE,\media\image\products\8_best_buy.jpg
684,Cheetos,939.87,2019-09-02 18:06:31Z,7,FALSE,TRUE,\media\image\products\8_sephora.jpg
685,Carib Brewery,511.28,2020-12-04 14:07:43Z,96,FALSE,FALSE,\media\image\products\8_zappos.jpg
686,Kits,363.93,2020-02-03 17:31:01Z,39,FALSE,TRUE,\media\image\products\9_best_buy.jpg
687,Tic Tac,188.23,2020-07-21 17:42:46Z,49,FALSE,TRUE,\media\image\products\9_sephora.jpg
688,Heinz,200.61,2019-07-06 22:20:44Z,18,FALSE,TRUE,\media\image\products\9_zappos.jpg
689,Bewley's,813.19,2018-09-16 18:07:00Z,30,FALSE,TRUE,\media\image\products\irene-kredenets-DDqxX0-7vKE-unsplash.jpg
690,Carib Brewery,155.74,2020-10-28 09:53:16Z,55,FALSE,FALSE,\media\image\products\mahabis-footwear-1Ge9sFmTT3w-unsplash.jpg
691,Lavazza,254.01,2018-11-27 17:50:44Z,55,FALSE,FALSE,\media\image\products\mahabis-footwear-dv5AJQJ6ay8-unsplash.jpg
692,Heinz,851.3,2018-09-17 06:03:58Z,11,FALSE,FALSE,\media\image\products\maxim-hopman-8cT5ja0P_N4-unsplash.jpg
693,Soprole,493.84,2020-06-02 04:38:26Z,79,FALSE,FALSE,\media\image\products\nordwood-themes-6V-vJpPzvh8-unsplash.jpg
694,Carib Brewery,200.1,2018-12-19 19:28:47Z,1,FALSE,FALSE,\media\image\products\10_best_buy.jpg
695,Pizza Hut,455.71,2019-01-12 11:13:50Z,62,FALSE,FALSE,\media\image\products\10_sephora.jpg
696,Nutella,172.63,2019-09-03 03:50:24Z,33,FALSE,TRUE,\media\image\products\10_zappos.jpg
697,Wonder Bread,955.59,2019-11-18 08:34:44Z,10,FALSE,TRUE,\media\image\products\11_best_buy.jpg
698,Bel Group,989.75,2021-05-13 06:15:46Z,61,FALSE,FALSE,\media\image\products\11_sephora.jpg
699,Heinz,834.27,2020-03-03 03:53:33Z,66,FALSE,TRUE,\media\image\products\11_zappos.jpg
700,Carib Brewery,472.02,2019-02-04 12:24:50Z,21,FALSE,FALSE,\media\image\products\12_best_buy.jpg
701,McDonald's,763.35,2020-08-03 02:54:24Z,64,FALSE,TRUE,\media\image\products\12_sephora.jpg
702,Kits,802.15,2018-05-17 07:33:40Z,99,FALSE,FALSE,\media\image\products\12_zappos.jpg
703,Wendy's,87.05,2019-03-02 16:46:57Z,50,FALSE,TRUE,\media\image\products\13_best_buy.jpg
704,Wonder Bread,579.73,2019-03-15 11:01:28Z,53,FALSE,FALSE,\media\image\products\13_sephora.jpg
705,McDonald's,922.5,2018-10-20 21:16:19Z,1,FALSE,FALSE,\media\image\products\13_zappos.jpg
706,Soprole,869.87,2019-09-06 20:23:42Z,8,FALSE,TRUE,\media\image\products\14_best_buy.jpg
707,Vitta Foods,920.2,2019-04-14 11:29:04Z,86,FALSE,FALSE,\media\image\products\14_sephora.jpg
708,Carib Brewery,157.5,2018-08-09 21:05:34Z,89,FALSE,FALSE,\media\image\products\14_zappos.jpg
709,Cheetos,960.57,2019-10-25 02:31:41Z,30,FALSE,TRUE,\media\image\products\15_best_buy.jpg
710,Cobblestone,409.52,2018-11-21 06:33:42Z,19,FALSE,TRUE,\media\image\products\15_sephora.jpg
711,Red Lobster,463.47,2020-04-29 20:33:21Z,78,FALSE,FALSE,\media\image\products\15_zappos.jpg
712,Magnum,822.73,2020-01-25 19:58:20Z,71,FALSE,FALSE,\media\image\products\16_best_buy.jpg
713,Heinz,778.46,2019-09-30 22:40:37Z,32,FALSE,FALSE,\media\image\products\16_sephora.jpg
714,Pizza Hut,392.22,2021-02-19 05:00:28Z,92,FALSE,TRUE,\media\image\products\16_zappos.jpg
715,Dr. Oetker,924.81,2020-03-28 05:29:39Z,95,FALSE,TRUE,\media\image\products\17_best_buy.jpg
716,Red Lobster,16.01,2020-07-28 14:25:58Z,2,FALSE,FALSE,\media\image\products\17_sephora.jpg
717,KFC,58.98,2018-08-26 09:25:35Z,82,FALSE,FALSE,\media\image\products\17_zappos.jpg
718,McDonald's,434.11,2020-04-08 17:50:57Z,84,FALSE,FALSE,\media\image\products\18_best_buy.jpg
719,Wendy's,674.98,2019-11-18 03:21:22Z,49,FALSE,FALSE,\media\image\products\18_sephora.jpg
720,Wendy's,477.24,2019-07-23 13:06:55Z,70,FALSE,TRUE,\media\image\products\18_zappos.jpg
721,Starbucks,851.64,2019-11-05 18:46:52Z,38,FALSE,TRUE,\media\image\products\19_best_buy.jpg
722,Domino,161.8,2018-12-29 04:15:04Z,48,FALSE,FALSE,\media\image\products\19_sephora.jpg
723,Kits,107.55,2019-11-11 19:01:11Z,71,FALSE,TRUE,\media\image\products\19_zappos.jpg
724,Nutella,274.63,2019-07-19 13:09:01Z,49,FALSE,FALSE,\media\image\products\1_best_buy.jpg
725,Cheetos,999.54,2019-11-02 08:50:39Z,3,FALSE,TRUE,\media\image\products\1_sephora.jpg
726,Kinder,465.76,2018-11-09 17:46:17Z,15,FALSE,TRUE,\media\image\products\1_zappos.jpg
727,M&M Food Market,187.36,2019-04-05 19:10:31Z,41,FALSE,FALSE,\media\image\products\20_best_buy.jpg
728,Nabisco,583.76,2020-01-18 13:03:33Z,7,FALSE,FALSE,\media\image\products\20_sephora.jpg
729,Lavazza,177.51,2020-06-08 14:27:29Z,46,FALSE,TRUE,\media\image\products\2_best_buy.jpg
730,Tic Tac,889.84,2021-04-16 18:16:37Z,24,FALSE,FALSE,\media\image\products\2_sephora.jpg
731,Cobblestone,269.38,2018-10-29 02:27:41Z,21,FALSE,FALSE,\media\image\products\2_zappos.jpg
732,Nabisco,237.01,2020-05-20 09:24:39Z,67,FALSE,TRUE,\media\image\products\3_best_buy.jpg
733,Andy Capp's fries,79.77,2021-01-08 04:20:44Z,80,FALSE,TRUE,\media\image\products\3_sephora.jpg
734,Wonder Bread,333.43,2021-04-01 15:05:47Z,35,FALSE,FALSE,\media\image\products\3_zappos.jpg
735,Betty Crocker,307.86,2021-03-12 12:36:51Z,17,FALSE,TRUE,\media\image\products\4_best_buy.jpg
736,M&M Food Market,965.54,2019-01-21 11:14:29Z,50,FALSE,FALSE,\media\image\products\4_sephora.jpg
737,Soprole,898.44,2019-04-01 06:53:47Z,7,FALSE,FALSE,\media\image\products\4_zappos.jpg
738,Sun-Pat,325.09,2020-01-03 14:21:12Z,84,FALSE,FALSE,\media\image\products\5_best_buy.jpg
739,Cheetos,579.24,2019-07-13 15:26:46Z,20,FALSE,FALSE,\media\image\products\5_sephora.jpg
740,M&M Food Market,300.37,2020-11-27 09:50:51Z,56,FALSE,FALSE,\media\image\products\5_zappos.jpg
741,Magnum,812.17,2019-02-22 17:16:51Z,99,FALSE,TRUE,\media\image\products\6_best_buy.jpg
742,Kinder,655.17,2019-08-10 06:08:39Z,5,FALSE,FALSE,\media\image\products\6_sephora.jpg
743,Nesquik,609.62,2020-01-31 16:18:55Z,26,FALSE,TRUE,\media\image\products\6_zappos.jpg
744,McDonald's,650.2,2020-06-15 17:39:23Z,97,FALSE,TRUE,\media\image\products\7_best_buy.jpg
745,LEonidas,787.6,2019-04-08 09:55:07Z,95,FALSE,FALSE,\media\image\products\7_zappos.jpg
746,Red Lobster,818.95,2020-10-14 12:12:11Z,60,FALSE,TRUE,\media\image\products\8_best_buy.jpg
747,Cobblestone,624.88,2020-11-14 14:22:26Z,48,FALSE,TRUE,\media\image\products\8_sephora.jpg
748,Bewley's,692.42,2018-12-27 06:19:00Z,32,FALSE,TRUE,\media\image\products\8_zappos.jpg
749,Olymel,989.69,2020-11-16 13:40:41Z,40,FALSE,FALSE,\media\image\products\9_best_buy.jpg
750,Cheetos,804.41,2018-12-04 01:56:53Z,77,FALSE,TRUE,\media\image\products\9_sephora.jpg
751,McDonald's,651.29,2021-04-07 12:29:23Z,73,FALSE,TRUE,\media\image\products\9_zappos.jpg
752,Red Lobster,869.43,2020-10-20 05:20:54Z,6,FALSE,FALSE,\media\image\products\irene-kredenets-DDqxX0-7vKE-unsplash.jpg
753,Doritos,54.32,2018-10-11 03:54:16Z,23,FALSE,TRUE,\media\image\products\mahabis-footwear-1Ge9sFmTT3w-unsplash.jpg
754,Burger King,246.64,2018-10-25 06:31:41Z,73,FALSE,FALSE,\media\image\products\mahabis-footwear-dv5AJQJ6ay8-unsplash.jpg
755,Subway,961.87,2021-04-18 07:35:22Z,61,FALSE,FALSE,\media\image\products\maxim-hopman-8cT5ja0P_N4-unsplash.jpg
756,Wendy's,847.52,2020-07-31 07:26:19Z,14,FALSE,FALSE,\media\image\products\nordwood-themes-6V-vJpPzvh8-unsplash.jpg
757,Nabisco,182.58,2018-12-25 17:56:13Z,27,FALSE,FALSE,\media\image\products\10_best_buy.jpg
758,Dunkin' Donuts,199.78,2018-11-22 15:42:10Z,35,FALSE,FALSE,\media\image\products\10_sephora.jpg
759,Taco Bell,675.28,2019-09-12 06:34:42Z,91,FALSE,FALSE,\media\image\products\10_zappos.jpg
760,Red Lobster,564.92,2020-04-29 19:06:22Z,66,FALSE,FALSE,\media\image\products\11_best_buy.jpg
761,Pizza Hut,105.07,2019-01-28 01:48:03Z,34,FALSE,FALSE,\media\image\products\11_sephora.jpg
762,Bel Group,983.32,2019-03-26 01:32:53Z,14,FALSE,TRUE,\media\image\products\11_zappos.jpg
763,Nabisco,313.45,2020-07-11 11:04:16Z,14,FALSE,FALSE,\media\image\products\12_best_buy.jpg
764,Lavazza,517.16,2019-09-17 03:26:35Z,4,FALSE,TRUE,\media\image\products\12_sephora.jpg
765,Papadopoulos,390.84,2018-12-30 12:13:14Z,62,FALSE,FALSE,\media\image\products\12_zappos.jpg
766,Red Lobster,244.75,2021-05-19 03:04:38Z,36,FALSE,TRUE,\media\image\products\13_best_buy.jpg
767,Taco Bell,927,2019-12-13 06:44:48Z,87,FALSE,FALSE,\media\image\products\13_sephora.jpg
768,KFC,868.76,2019-09-06 15:49:27Z,23,FALSE,TRUE,\media\image\products\13_zappos.jpg
769,Knorr,654.55,2018-06-29 07:06:45Z,18,FALSE,FALSE,\media\image\products\14_best_buy.jpg
770,Heinz,251.29,2019-07-28 21:34:23Z,32,FALSE,FALSE,\media\image\products\14_sephora.jpg
771,Wonder Bread,369.47,2021-04-29 07:19:28Z,31,FALSE,FALSE,\media\image\products\14_zappos.jpg
772,M&M Food Market,429.2,2019-10-09 03:52:22Z,94,FALSE,FALSE,\media\image\products\15_best_buy.jpg
773,Applebee's,647.56,2018-08-01 18:41:34Z,36,FALSE,TRUE,\media\image\products\15_sephora.jpg
774,Domino,160.28,2019-05-23 20:28:10Z,58,FALSE,FALSE,\media\image\products\15_zappos.jpg
775,Sun-Pat,461.87,2018-05-29 10:22:02Z,82,FALSE,TRUE,\media\image\products\16_best_buy.jpg
776,Red Lobster,452.13,2020-09-29 19:44:47Z,39,FALSE,FALSE,\media\image\products\16_sephora.jpg
777,Betty Crocker,134.8,2018-12-29 19:26:08Z,85,FALSE,TRUE,\media\image\products\16_zappos.jpg
778,Soprole,794.23,2018-11-21 12:30:46Z,53,FALSE,TRUE,\media\image\products\17_best_buy.jpg
779,Dunkin' Donuts,756.09,2019-10-16 20:00:01Z,50,FALSE,TRUE,\media\image\products\17_sephora.jpg
780,Andy Capp's fries,787.42,2018-07-18 05:28:38Z,65,FALSE,TRUE,\media\image\products\17_zappos.jpg
781,Nabisco,190.23,2020-03-20 07:24:12Z,94,FALSE,FALSE,\media\image\products\18_best_buy.jpg
782,Applebee's,274.77,2020-07-30 22:00:02Z,33,FALSE,FALSE,\media\image\products\18_sephora.jpg
783,Burger King,652.34,2019-10-26 22:54:22Z,17,FALSE,FALSE,\media\image\products\18_zappos.jpg
784,Tic Tac,135.34,2020-03-09 04:27:31Z,47,FALSE,TRUE,\media\image\products\19_best_buy.jpg
785,Heinz,84.26,2018-12-26 03:23:00Z,68,FALSE,TRUE,\media\image\products\19_sephora.jpg
786,Domino,337.31,2019-06-17 13:34:49Z,74,FALSE,TRUE,\media\image\products\19_zappos.jpg
787,Kinder,60.01,2018-11-15 10:49:54Z,17,FALSE,TRUE,\media\image\products\1_best_buy.jpg
788,Cheetos,574.17,2021-01-19 00:20:23Z,13,FALSE,FALSE,\media\image\products\1_sephora.jpg
789,Nutella,694.08,2020-06-29 14:31:48Z,97,FALSE,FALSE,\media\image\products\1_zappos.jpg
790,Sun-Pat,787.84,2020-08-30 09:43:04Z,9,FALSE,FALSE,\media\image\products\20_best_buy.jpg
791,Cheetos,842.16,2020-01-24 17:51:09Z,43,FALSE,TRUE,\media\image\products\20_sephora.jpg
792,Olymel,718.4,2018-06-26 11:20:57Z,31,FALSE,FALSE,\media\image\products\2_best_buy.jpg
793,Kinder,955.16,2021-02-01 20:40:43Z,42,FALSE,FALSE,\media\image\products\2_sephora.jpg
794,Bel Group,312.35,2018-07-04 02:04:31Z,52,FALSE,FALSE,\media\image\products\2_zappos.jpg
795,Pizza Hut,395.65,2020-08-30 10:53:22Z,79,FALSE,FALSE,\media\image\products\3_best_buy.jpg
796,Betty Crocker,769.52,2020-12-29 06:30:40Z,27,FALSE,TRUE,\media\image\products\3_sephora.jpg
797,Baskin robbins,745.95,2018-05-27 22:51:21Z,34,FALSE,FALSE,\media\image\products\3_zappos.jpg
798,Magnum,462.36,2020-10-28 12:37:18Z,40,FALSE,TRUE,\media\image\products\4_best_buy.jpg
799,Secret Recipe,940.14,2019-08-08 12:29:46Z,49,FALSE,FALSE,\media\image\products\4_sephora.jpg
800,Wonder Bread,271.85,2021-01-01 14:36:25Z,62,FALSE,FALSE,\media\image\products\4_zappos.jpg
801,Taco Bell,55.85,2021-01-07 05:17:23Z,71,FALSE,FALSE,\media\image\products\5_best_buy.jpg
802,Red Lobster,280.81,2020-05-29 17:11:35Z,54,FALSE,FALSE,\media\image\products\5_sephora.jpg
803,Carib Brewery,874.54,2019-06-02 00:32:36Z,50,FALSE,TRUE,\media\image\products\5_zappos.jpg
804,Red Lobster,689.63,2021-01-18 10:14:05Z,27,FALSE,TRUE,\media\image\products\6_best_buy.jpg
805,Carib Brewery,74.16,2018-11-06 08:06:26Z,18,FALSE,TRUE,\media\image\products\6_sephora.jpg
806,Wendy's,897.15,2019-03-20 10:39:29Z,49,FALSE,TRUE,\media\image\products\6_zappos.jpg
807,Doritos,908.51,2019-08-09 09:30:38Z,93,FALSE,FALSE,\media\image\products\7_best_buy.jpg
808,Nesquik,346.37,2019-01-05 08:01:41Z,38,FALSE,TRUE,\media\image\products\7_zappos.jpg
809,Carib Brewery,439.4,2020-10-06 20:17:31Z,34,FALSE,FALSE,\media\image\products\8_best_buy.jpg
810,Bewley's,599.4,2019-10-20 13:11:32Z,75,FALSE,FALSE,\media\image\products\8_sephora.jpg
811,Cheetos,525.95,2020-02-02 06:39:31Z,92,FALSE,TRUE,\media\image\products\8_zappos.jpg
812,Vitta Foods,137.52,2021-04-23 13:14:29Z,72,FALSE,TRUE,\media\image\products\9_best_buy.jpg
813,Applebee's,306.52,2019-09-15 18:30:55Z,89,FALSE,FALSE,\media\image\products\9_sephora.jpg
814,Cheetos,962.64,2018-08-30 09:33:28Z,83,FALSE,TRUE,\media\image\products\9_zappos.jpg
815,Betty Crocker,617.44,2021-04-02 18:35:04Z,43,FALSE,TRUE,\media\image\products\irene-kredenets-DDqxX0-7vKE-unsplash.jpg
816,Andy Capp's fries,834.23,2020-03-12 20:09:58Z,50,FALSE,TRUE,\media\image\products\mahabis-footwear-1Ge9sFmTT3w-unsplash.jpg
817,Bewley's,633.27,2020-06-20 22:58:29Z,42,FALSE,FALSE,\media\image\products\mahabis-footwear-dv5AJQJ6ay8-unsplash.jpg
818,Betty Crocker,677.24,2019-04-06 08:21:50Z,58,FALSE,TRUE,\media\image\products\maxim-hopman-8cT5ja0P_N4-unsplash.jpg
819,Burger King,511.01,2019-05-14 12:37:43Z,4,FALSE,TRUE,\media\image\products\nordwood-themes-6V-vJpPzvh8-unsplash.jpg
820,LEonidas,987.04,2020-06-19 11:08:20Z,75,FALSE,FALSE,\media\image\products\10_best_buy.jpg
821,Nesquik,660.89,2020-12-21 12:00:35Z,92,FALSE,FALSE,\media\image\products\10_sephora.jpg
822,Secret Recipe,425.88,2020-03-20 08:13:36Z,93,FALSE,FALSE,\media\image\products\10_zappos.jpg
823,Bel Group,466.19,2019-03-22 10:45:37Z,54,FALSE,TRUE,\media\image\products\11_best_buy.jpg
824,Wendy's,112.62,2020-10-15 01:45:36Z,16,FALSE,TRUE,\media\image\products\11_sephora.jpg
825,Kinder,809.78,2020-06-26 21:08:06Z,43,FALSE,FALSE,\media\image\products\11_zappos.jpg
826,Papadopoulos,412.58,2020-02-27 12:38:27Z,60,FALSE,FALSE,\media\image\products\12_best_buy.jpg
827,Pizza Hut,61.11,2018-06-08 11:11:47Z,8,FALSE,FALSE,\media\image\products\12_sephora.jpg
828,M&M Food Market,469.16,2020-05-07 07:26:40Z,49,FALSE,TRUE,\media\image\products\12_zappos.jpg
829,Andy Capp's fries,208.21,2020-01-18 15:35:31Z,3,FALSE,TRUE,\media\image\products\13_best_buy.jpg
830,Secret Recipe,25.74,2021-05-20 03:57:41Z,75,FALSE,FALSE,\media\image\products\13_sephora.jpg
831,Lavazza,37.88,2020-08-24 15:03:14Z,92,FALSE,FALSE,\media\image\products\13_zappos.jpg
832,Vitta Foods,973.25,2018-09-03 02:09:50Z,55,FALSE,TRUE,\media\image\products\14_best_buy.jpg
833,Andy Capp's fries,778.84,2018-10-04 06:34:42Z,17,FALSE,TRUE,\media\image\products\14_sephora.jpg
834,Bewley's,933.3,2020-03-07 21:37:19Z,46,FALSE,TRUE,\media\image\products\14_zappos.jpg
835,Lavazza,611.76,2018-09-21 10:19:45Z,63,FALSE,FALSE,\media\image\products\15_best_buy.jpg
836,Baskin robbins,157.41,2019-04-01 01:33:11Z,74,FALSE,TRUE,\media\image\products\15_sephora.jpg
837,Cobblestone,92.41,2021-02-11 08:02:39Z,65,FALSE,TRUE,\media\image\products\15_zappos.jpg
838,Knorr,398.65,2020-06-30 12:03:00Z,71,FALSE,TRUE,\media\image\products\16_best_buy.jpg
839,Magnum,94.3,2019-12-13 05:35:31Z,99,FALSE,TRUE,\media\image\products\16_sephora.jpg
840,Burger King,590.97,2020-11-20 07:15:11Z,86,FALSE,FALSE,\media\image\products\16_zappos.jpg
841,Andy Capp's fries,116.47,2019-06-20 03:43:29Z,70,FALSE,TRUE,\media\image\products\17_best_buy.jpg
842,Taco Bell,479.04,2020-01-06 05:14:46Z,88,FALSE,TRUE,\media\image\products\17_sephora.jpg
843,McDonald's,679.12,2020-09-28 01:14:24Z,81,FALSE,TRUE,\media\image\products\17_zappos.jpg
844,Tic Tac,159.94,2019-03-18 06:41:36Z,93,FALSE,FALSE,\media\image\products\18_best_buy.jpg
845,Carib Brewery,826.24,2019-12-06 18:56:32Z,43,FALSE,FALSE,\media\image\products\18_sephora.jpg
846,Cheetos,311.19,2018-05-14 20:57:58Z,69,FALSE,TRUE,\media\image\products\18_zappos.jpg
847,Secret Recipe,690.31,2019-10-21 03:23:31Z,76,FALSE,FALSE,\media\image\products\19_best_buy.jpg
848,Sun-Pat,860.51,2018-11-05 15:40:25Z,60,FALSE,FALSE,\media\image\products\19_sephora.jpg
849,Doritos,993.24,2019-05-09 18:32:57Z,93,FALSE,TRUE,\media\image\products\19_zappos.jpg
850,Soprole,931.62,2019-11-01 04:23:30Z,76,FALSE,TRUE,\media\image\products\1_best_buy.jpg
851,Burger King,787.15,2018-06-04 10:36:47Z,2,FALSE,FALSE,\media\image\products\1_sephora.jpg
852,Taco Bell,387.73,2018-12-20 04:18:26Z,97,FALSE,FALSE,\media\image\products\1_zappos.jpg
853,Burger King,603.38,2021-05-10 19:40:14Z,2,FALSE,FALSE,\media\image\products\20_best_buy.jpg
854,Dr. Oetker,672.23,2019-12-31 15:54:49Z,21,FALSE,FALSE,\media\image\products\20_sephora.jpg
855,Betty Crocker,947.58,2018-10-30 17:19:12Z,41,FALSE,FALSE,\media\image\products\2_best_buy.jpg
856,Vitta Foods,548.09,2020-10-05 22:48:24Z,17,FALSE,TRUE,\media\image\products\2_sephora.jpg
857,Pizza Hut,786.05,2018-08-06 01:51:09Z,19,FALSE,FALSE,\media\image\products\2_zappos.jpg
858,Cheetos,245.08,2019-11-09 19:28:01Z,22,FALSE,TRUE,\media\image\products\3_best_buy.jpg
859,Cheetos,828.72,2018-08-10 07:36:34Z,44,FALSE,TRUE,\media\image\products\3_sephora.jpg
860,McDonald's,670.01,2018-10-04 18:57:53Z,50,FALSE,FALSE,\media\image\products\3_zappos.jpg
861,Olymel,25.88,2018-06-03 09:41:27Z,59,FALSE,TRUE,\media\image\products\4_best_buy.jpg
862,Magnum,202.93,2020-06-29 06:32:04Z,95,FALSE,FALSE,\media\image\products\4_sephora.jpg
863,Subway,718.63,2020-06-06 17:47:13Z,94,FALSE,TRUE,\media\image\products\4_zappos.jpg
864,M&M Food Market,522.11,2019-06-27 07:27:55Z,69,FALSE,TRUE,\media\image\products\5_best_buy.jpg
865,Dr. Oetker,995.48,2018-07-05 01:18:43Z,31,FALSE,TRUE,\media\image\products\5_sephora.jpg
866,Nutella,940.72,2020-05-11 13:27:23Z,20,FALSE,TRUE,\media\image\products\5_zappos.jpg
867,Cheetos,521.9,2018-08-24 20:16:05Z,55,FALSE,TRUE,\media\image\products\6_best_buy.jpg
868,M&M Food Market,384.27,2018-11-22 06:17:14Z,57,FALSE,TRUE,\media\image\products\6_sephora.jpg
869,Kits,928.07,2019-08-29 21:38:47Z,45,FALSE,FALSE,\media\image\products\6_zappos.jpg
870,Kits,751.42,2018-08-03 02:37:05Z,38,FALSE,TRUE,\media\image\products\7_best_buy.jpg
871,Red Lobster,188.92,2018-07-26 15:30:39Z,54,FALSE,TRUE,\media\image\products\7_zappos.jpg
872,Nabisco,825.56,2020-11-01 12:32:26Z,47,FALSE,FALSE,\media\image\products\8_best_buy.jpg
873,Cheetos,642.75,2019-12-05 16:50:56Z,19,FALSE,TRUE,\media\image\products\8_sephora.jpg
874,Red Lobster,864.42,2021-01-14 05:52:00Z,99,FALSE,TRUE,\media\image\products\8_zappos.jpg
875,Applebee's,269.08,2019-12-15 14:14:11Z,60,FALSE,FALSE,\media\image\products\9_best_buy.jpg
876,Olymel,627.23,2021-01-20 06:34:25Z,41,FALSE,FALSE,\media\image\products\9_sephora.jpg
877,Taco Bell,477.47,2020-07-05 01:20:23Z,68,FALSE,FALSE,\media\image\products\9_zappos.jpg
878,Taco Bell,461.69,2020-07-13 06:12:32Z,23,FALSE,TRUE,\media\image\products\irene-kredenets-DDqxX0-7vKE-unsplash.jpg
879,Andy Capp's fries,359.64,2019-11-10 10:33:37Z,54,FALSE,TRUE,\media\image\products\mahabis-footwear-1Ge9sFmTT3w-unsplash.jpg
880,Domino,602.64,2021-04-29 20:29:46Z,38,FALSE,FALSE,\media\image\products\mahabis-footwear-dv5AJQJ6ay8-unsplash.jpg
881,Knorr,513.03,2021-02-09 00:42:55Z,51,FALSE,TRUE,\media\image\products\maxim-hopman-8cT5ja0P_N4-unsplash.jpg
882,Wendy's,213.53,2021-01-07 03:12:49Z,97,FALSE,TRUE,\media\image\products\nordwood-themes-6V-vJpPzvh8-unsplash.jpg
883,Soprole,868.07,2021-03-02 04:55:48Z,72,FALSE,TRUE,\media\image\products\10_best_buy.jpg
884,Burger King,188.77,2020-02-22 14:08:19Z,73,FALSE,TRUE,\media\image\products\10_sephora.jpg
885,Dunkin' Donuts,128.93,2020-01-10 14:14:04Z,76,FALSE,FALSE,\media\image\products\10_zappos.jpg
886,Andy Capp's fries,820.14,2021-04-10 13:57:25Z,11,FALSE,TRUE,\media\image\products\11_best_buy.jpg
887,Nutella,218.67,2020-11-18 14:49:25Z,93,FALSE,TRUE,\media\image\products\11_sephora.jpg
888,Tic Tac,104.5,2019-10-19 19:35:55Z,52,FALSE,TRUE,\media\image\products\11_zappos.jpg
889,Tic Tac,57.89,2018-11-11 02:35:02Z,81,FALSE,TRUE,\media\image\products\12_best_buy.jpg
890,Soprole,226.03,2019-07-17 19:25:26Z,11,FALSE,FALSE,\media\image\products\12_sephora.jpg
891,Heinz,138.53,2020-11-27 18:33:18Z,67,FALSE,TRUE,\media\image\products\12_zappos.jpg
892,Kinder,913.82,2020-08-20 04:50:19Z,50,FALSE,FALSE,\media\image\products\13_best_buy.jpg
893,Heinz,627.92,2020-02-12 06:38:04Z,11,FALSE,FALSE,\media\image\products\13_sephora.jpg
894,Baskin robbins,831.6,2019-10-24 03:43:30Z,6,FALSE,TRUE,\media\image\products\13_zappos.jpg
895,Subway,377.71,2018-06-25 14:47:23Z,28,FALSE,TRUE,\media\image\products\14_best_buy.jpg
896,Nesquik,955.38,2021-02-02 00:10:12Z,94,FALSE,FALSE,\media\image\products\14_sephora.jpg
897,McDonald's,212.04,2020-05-27 19:12:18Z,34,FALSE,TRUE,\media\image\products\14_zappos.jpg
898,Cobblestone,277.12,2018-12-01 16:24:53Z,86,FALSE,FALSE,\media\image\products\15_best_buy.jpg
899,Bel Group,788.92,2020-04-06 07:11:26Z,71,FALSE,TRUE,\media\image\products\15_sephora.jpg
900,Papadopoulos,576.5,2019-01-24 00:04:19Z,4,FALSE,FALSE,\media\image\products\15_zappos.jpg
901,McDonald's,64.69,2020-07-10 15:48:49Z,19,FALSE,FALSE,\media\image\products\16_best_buy.jpg
902,Bel Group,352.99,2018-07-22 20:42:16Z,41,FALSE,FALSE,\media\image\products\16_sephora.jpg
903,Betty Crocker,604.87,2020-03-25 21:44:45Z,88,FALSE,TRUE,\media\image\products\16_zappos.jpg
904,Carib Brewery,875.65,2020-01-16 22:11:05Z,22,FALSE,TRUE,\media\image\products\17_best_buy.jpg
905,Lavazza,266.55,2021-01-19 16:10:34Z,42,FALSE,TRUE,\media\image\products\17_sephora.jpg
906,Heinz,920.69,2020-02-09 14:52:11Z,7,FALSE,TRUE,\media\image\products\17_zappos.jpg
907,Kits,959.03,2019-11-18 11:22:41Z,43,FALSE,TRUE,\media\image\products\18_best_buy.jpg
908,Sun-Pat,77.46,2020-12-11 06:29:03Z,98,FALSE,FALSE,\media\image\products\18_sephora.jpg
909,Dr. Oetker,356.53,2020-11-28 19:09:10Z,7,FALSE,FALSE,\media\image\products\18_zappos.jpg
910,Wendy's,34.45,2018-06-14 10:23:13Z,5,FALSE,FALSE,\media\image\products\19_best_buy.jpg
911,Cheetos,162.34,2020-05-05 16:42:27Z,84,FALSE,TRUE,\media\image\products\19_sephora.jpg
912,Knorr,210.17,2021-05-05 17:41:25Z,20,FALSE,TRUE,\media\image\products\19_zappos.jpg
913,Red Lobster,634.52,2021-05-01 15:34:36Z,42,FALSE,FALSE,\media\image\products\1_best_buy.jpg
914,Bel Group,16.6,2020-02-05 07:00:00Z,87,FALSE,FALSE,\media\image\products\1_sephora.jpg
915,Doritos,345.79,2020-09-01 06:46:50Z,47,FALSE,FALSE,\media\image\products\1_zappos.jpg
916,Vitta Foods,45.4,2018-06-24 02:49:37Z,37,FALSE,FALSE,\media\image\products\20_best_buy.jpg
917,Nesquik,51.44,2019-07-02 20:48:35Z,59,FALSE,FALSE,\media\image\products\20_sephora.jpg
918,Doritos,557.06,2019-11-15 14:50:49Z,76,FALSE,FALSE,\media\image\products\2_best_buy.jpg
919,Soprole,150.13,2020-05-05 21:13:35Z,55,FALSE,TRUE,\media\image\products\2_sephora.jpg
920,Pizza Hut,643.92,2018-05-12 00:38:53Z,41,FALSE,TRUE,\media\image\products\2_zappos.jpg
921,Olymel,269.81,2019-12-31 01:23:57Z,90,FALSE,FALSE,\media\image\products\3_best_buy.jpg
922,Applebee's,878.67,2018-07-05 09:56:54Z,78,FALSE,FALSE,\media\image\products\3_sephora.jpg
923,Red Lobster,57.15,2018-11-25 08:02:37Z,5,FALSE,TRUE,\media\image\products\3_zappos.jpg
924,Vitta Foods,442.89,2019-02-01 16:27:19Z,59,FALSE,TRUE,\media\image\products\4_best_buy.jpg
925,Nabisco,707.13,2018-11-24 11:28:57Z,85,FALSE,FALSE,\media\image\products\4_sephora.jpg
926,Bewley's,122.97,2018-12-21 05:08:07Z,62,FALSE,TRUE,\media\image\products\4_zappos.jpg
927,Betty Crocker,929.44,2019-09-13 07:32:58Z,42,FALSE,TRUE,\media\image\products\5_best_buy.jpg
928,Sun-Pat,332.19,2021-02-05 09:29:54Z,96,FALSE,FALSE,\media\image\products\5_sephora.jpg
929,Carib Brewery,781.44,2019-07-02 05:49:27Z,68,FALSE,TRUE,\media\image\products\5_zappos.jpg
930,Cobblestone,712.42,2020-02-10 17:18:15Z,69,FALSE,TRUE,\media\image\products\6_best_buy.jpg
931,McDonald's,552.51,2020-05-26 10:24:54Z,7,FALSE,TRUE,\media\image\products\6_sephora.jpg
932,Red Lobster,162.93,2019-03-11 21:58:28Z,6,FALSE,FALSE,\media\image\products\6_zappos.jpg
933,Carib Brewery,313.42,2020-09-17 13:53:53Z,61,FALSE,FALSE,\media\image\products\7_best_buy.jpg
934,Nabisco,232.08,2020-08-30 08:30:15Z,76,FALSE,FALSE,\media\image\products\7_zappos.jpg
935,Nutella,404.89,2019-02-28 08:10:46Z,15,FALSE,FALSE,\media\image\products\8_best_buy.jpg
936,Magnum,209.48,2019-08-04 19:11:07Z,74,FALSE,TRUE,\media\image\products\8_sephora.jpg
937,McDonald's,315.94,2020-06-04 11:58:04Z,17,FALSE,TRUE,\media\image\products\8_zappos.jpg
938,Soprole,726.14,2019-07-11 12:39:24Z,15,FALSE,TRUE,\media\image\products\9_best_buy.jpg
939,Baskin robbins,764.98,2019-05-17 06:02:44Z,67,FALSE,TRUE,\media\image\products\9_sephora.jpg
940,Wonder Bread,533.69,2019-06-14 07:35:27Z,21,FALSE,FALSE,\media\image\products\9_zappos.jpg
941,Nesquik,616.25,2019-01-01 01:05:03Z,9,FALSE,FALSE,\media\image\products\irene-kredenets-DDqxX0-7vKE-unsplash.jpg
942,Betty Crocker,985.32,2020-05-06 09:43:19Z,60,FALSE,TRUE,\media\image\products\mahabis-footwear-1Ge9sFmTT3w-unsplash.jpg
943,Nabisco,403.27,2020-07-01 00:10:01Z,78,FALSE,TRUE,\media\image\products\mahabis-footwear-dv5AJQJ6ay8-unsplash.jpg
944,Red Lobster,211.37,2018-06-30 07:30:30Z,76,FALSE,FALSE,\media\image\products\maxim-hopman-8cT5ja0P_N4-unsplash.jpg
945,Vitta Foods,663.82,2020-07-08 09:23:12Z,4,FALSE,TRUE,\media\image\products\nordwood-themes-6V-vJpPzvh8-unsplash.jpg
946,Bel Group,853.82,2019-04-24 02:41:20Z,54,FALSE,FALSE,\media\image\products\10_best_buy.jpg
947,Kits,289.02,2021-02-04 22:33:36Z,27,FALSE,TRUE,\media\image\products\10_sephora.jpg
948,Nabisco,576.34,2018-12-18 11:34:34Z,56,FALSE,FALSE,\media\image\products\10_zappos.jpg
949,Vitta Foods,993.84,2019-11-01 15:21:23Z,6,FALSE,FALSE,\media\image\products\11_best_buy.jpg
950,Dr. Oetker,974.57,2019-07-07 02:40:37Z,92,FALSE,TRUE,\media\image\products\11_sephora.jpg
951,Heinz,945.7,2018-05-21 08:40:30Z,61,FALSE,FALSE,\media\image\products\11_zappos.jpg
952,Baskin robbins,778.26,2020-01-28 20:04:26Z,53,FALSE,FALSE,\media\image\products\12_best_buy.jpg
953,Olymel,563.34,2020-08-09 17:14:00Z,95,FALSE,TRUE,\media\image\products\12_sephora.jpg
954,KFC,658.82,2019-08-29 19:01:17Z,82,FALSE,TRUE,\media\image\products\12_zappos.jpg
955,Knorr,781.22,2019-07-01 10:23:42Z,1,FALSE,TRUE,\media\image\products\13_best_buy.jpg
956,Nabisco,112.71,2018-10-07 15:13:35Z,95,FALSE,FALSE,\media\image\products\13_sephora.jpg
957,Doritos,567.53,2018-06-07 14:27:56Z,82,FALSE,FALSE,\media\image\products\13_zappos.jpg
958,Betty Crocker,621.4,2018-12-24 17:23:20Z,95,FALSE,TRUE,\media\image\products\14_best_buy.jpg
959,Papadopoulos,5.48,2018-06-04 12:48:55Z,68,FALSE,TRUE,\media\image\products\14_sephora.jpg
960,Burger King,344.55,2018-05-27 07:16:14Z,19,FALSE,TRUE,\media\image\products\14_zappos.jpg
961,Burger King,891.27,2020-02-26 06:36:41Z,50,FALSE,TRUE,\media\image\products\15_best_buy.jpg
962,Starbucks,650.69,2021-02-22 13:40:05Z,50,FALSE,TRUE,\media\image\products\15_sephora.jpg
963,Papadopoulos,284.07,2018-09-29 10:25:03Z,38,FALSE,TRUE,\media\image\products\15_zappos.jpg
964,Baskin robbins,157.19,2019-02-13 21:37:43Z,88,FALSE,TRUE,\media\image\products\16_best_buy.jpg
965,Nesquik,443.29,2019-10-05 16:45:38Z,64,FALSE,TRUE,\media\image\products\16_sephora.jpg
966,Red Lobster,755.71,2021-05-14 11:09:48Z,14,FALSE,TRUE,\media\image\products\16_zappos.jpg
967,Taco Bell,333.6,2021-02-26 03:43:27Z,44,FALSE,TRUE,\media\image\products\17_best_buy.jpg
968,Vitta Foods,206.74,2020-01-04 15:05:58Z,61,FALSE,TRUE,\media\image\products\17_sephora.jpg
969,Heinz,428.93,2019-03-12 06:22:26Z,21,FALSE,TRUE,\media\image\products\17_zappos.jpg
970,Magnum,601.75,2021-02-17 08:46:49Z,37,FALSE,TRUE,\media\image\products\18_best_buy.jpg
971,Secret Recipe,213.65,2019-11-23 15:58:00Z,17,FALSE,TRUE,\media\image\products\18_sephora.jpg
972,Dr. Oetker,210.71,2019-09-13 01:07:23Z,32,FALSE,TRUE,\media\image\products\18_zappos.jpg
973,Subway,257.66,2019-01-09 02:20:26Z,83,FALSE,TRUE,\media\image\products\19_best_buy.jpg
974,Bel Group,624.29,2019-09-18 08:34:45Z,42,FALSE,TRUE,\media\image\products\19_sephora.jpg
975,Pizza Hut,282.88,2019-07-08 13:36:52Z,31,FALSE,TRUE,\media\image\products\19_zappos.jpg
976,Wonder Bread,521.73,2020-01-18 15:03:32Z,42,FALSE,TRUE,\media\image\products\1_best_buy.jpg
977,Taco Bell,179.99,2019-09-25 03:31:53Z,26,FALSE,TRUE,\media\image\products\1_sephora.jpg
978,Lavazza,975.71,2019-06-11 08:00:22Z,28,FALSE,TRUE,\media\image\products\1_zappos.jpg
979,Cheetos,146.98,2021-03-15 10:42:52Z,73,FALSE,TRUE,\media\image\products\20_best_buy.jpg
980,Kinder,360.03,2019-04-03 16:11:16Z,43,FALSE,TRUE,\media\image\products\20_sephora.jpg
981,Doritos,631.24,2019-06-25 20:24:47Z,37,FALSE,TRUE,\media\image\products\2_best_buy.jpg
982,Doritos,278.81,2021-01-31 19:23:11Z,6,FALSE,TRUE,\media\image\products\2_sephora.jpg
983,Dunkin' Donuts,184.49,2020-08-28 10:58:55Z,41,FALSE,TRUE,\media\image\products\2_zappos.jpg
984,Soprole,950.03,2020-01-04 18:49:53Z,61,FALSE,TRUE,\media\image\products\3_best_buy.jpg
985,Nutella,532.56,2018-08-20 14:44:32Z,14,FALSE,TRUE,\media\image\products\3_sephora.jpg
986,Wendy's,229.45,2020-11-12 09:30:08Z,48,FALSE,TRUE,\media\image\products\3_zappos.jpg
987,Cheetos,405.74,2021-05-19 21:43:14Z,26,FALSE,TRUE,\media\image\products\4_best_buy.jpg
988,McDonald's,590.01,2021-02-25 11:06:36Z,40,FALSE,TRUE,\media\image\products\4_sephora.jpg
989,Domino,810.96,2019-03-19 04:29:29Z,21,FALSE,TRUE,\media\image\products\4_zappos.jpg
990,Doritos,427.69,2018-10-30 13:30:46Z,57,FALSE,TRUE,\media\image\products\5_best_buy.jpg
991,McDonald's,295.04,2019-09-09 19:24:12Z,53,FALSE,TRUE,\media\image\products\5_sephora.jpg
992,Starbucks,743.35,2019-01-04 10:39:26Z,46,FALSE,TRUE,\media\image\products\5_zappos.jpg
993,Nabisco,34.14,2020-11-09 07:04:53Z,85,FALSE,TRUE,\media\image\products\6_best_buy.jpg
994,Cobblestone,55.24,2019-01-16 04:09:45Z,51,FALSE,TRUE,\media\image\products\6_sephora.jpg
995,Subway,973.89,2020-10-15 08:56:04Z,46,FALSE,TRUE,\media\image\products\6_zappos.jpg
996,Kits,336.76,2020-07-20 15:28:08Z,22,FALSE,TRUE,\media\image\products\7_best_buy.jpg
997,Papadopoulos,367.2,2019-05-19 22:50:29Z,13,FALSE,TRUE,\media\image\products\7_zappos.jpg
998,Starbucks,934.01,2018-06-28 03:15:08Z,35,FALSE,TRUE,\media\image\products\8_best_buy.jpg
999,Wendy's,441.13,2019-07-24 21:58:17Z,51,FALSE,TRUE,\media\image\products\8_sephora.jpg
1000,Wendy's,554.38,2020-05-27 05:54:45Z,54,FALSE,TRUE,\media\image\products\8_zappos.jpg
